measure,location,age,cause,year,val
Deaths,Belize,All ages,Stroke,2013,105.3703647
Deaths,Andorra,All ages,Stroke,2014,33.07508948
Deaths,Dominica,All ages,Stroke,2013,66.66126247
Deaths,Cuba,All ages,Stroke,2013,9498.472309
Deaths,Austria,All ages,Stroke,2014,5143.580504
Deaths,Dominican Republic,All ages,Stroke,2013,7273.790199
Deaths,Spain,All ages,Stroke,2013,33053.3419
Deaths,Peru,All ages,Stroke,2014,8020.393233
Deaths,Ecuador,All ages,Stroke,2014,5429.269839
Deaths,Belgium,All ages,Stroke,2014,8617.817228
Deaths,Sweden,All ages,Stroke,2013,8523.764499
Deaths,Taiwan (Province of China),All ages,Stroke,2012,12461.2582
Deaths,Norway,All ages,Stroke,2014,3356.853888
Deaths,Bahamas,All ages,Stroke,2014,182.0374109
Deaths,Myanmar,All ages,Stroke,2013,73442.03055
Deaths,Portugal,All ages,Stroke,2014,14645.03695
Deaths,Grenada,All ages,Stroke,2013,82.79417293
Deaths,Switzerland,All ages,Stroke,2013,4587.231802
Deaths,Denmark,All ages,Stroke,2014,4123.532916
Deaths,Fiji,All ages,Stroke,2012,536.6044509
Deaths,Cyprus,All ages,Stroke,2014,660.3549297
Deaths,Haiti,All ages,Stroke,2013,8875.505348
Deaths,El Salvador,All ages,Stroke,2014,2025.579942
Deaths,Papua New Guinea,All ages,Stroke,2014,4545.204117
Deaths,Switzerland,All ages,Stroke,2014,4550.620206
Deaths,France,All ages,Stroke,2014,39971.79724
Deaths,United Kingdom,All ages,Stroke,2013,48734.4284
Deaths,Colombia,All ages,Stroke,2014,14156.22546
Deaths,Guyana,All ages,Stroke,2013,759.0718656
Deaths,Finland,All ages,Stroke,2014,5092.991038
Deaths,Cuba,All ages,Stroke,2014,9793.376344
Deaths,Mexico,All ages,Stroke,2014,32841.60397
Deaths,Chile,All ages,Stroke,2013,9558.54082
Deaths,Chad,All ages,Stroke,2013,5049.466898
Deaths,Jamaica,All ages,Stroke,2013,2358.703489
Deaths,Costa Rica,All ages,Stroke,2014,1208.294099
Deaths,Suriname,All ages,Stroke,2013,457.8192617
Deaths,Uruguay,All ages,Stroke,2013,3443.964283
Deaths,Venezuela (Bolivarian Republic of),All ages,Stroke,2014,11757.30601
Deaths,Somalia,All ages,Stroke,2013,6478.352418
Deaths,Dominica,All ages,Stroke,2012,66.1603493
Deaths,Greece,All ages,Stroke,2014,16701.2564
Deaths,Bolivia (Plurinational State of),All ages,Stroke,2013,4661.715343
Deaths,Grenada,All ages,Stroke,2014,83.50069018
Deaths,Saint Lucia,All ages,Stroke,2013,131.7752517
Deaths,Nicaragua,All ages,Stroke,2014,1742.311544
Deaths,Israel,All ages,Stroke,2014,2921.515906
Deaths,Saint Vincent and the Grenadines,All ages,Stroke,2013,99.59957663
Deaths,United States of America,All ages,Stroke,2013,166058.157
Deaths,Fiji,All ages,Stroke,2013,549.7358872
Deaths,Argentina,All ages,Stroke,2013,23402.83154
Deaths,Tonga,All ages,Stroke,2014,57.09271926
Deaths,Iceland,All ages,Stroke,2014,137.5020675
Deaths,Guatemala,All ages,Stroke,2014,4085.531076
Deaths,Canada,All ages,Stroke,2014,15658.32983
Deaths,Honduras,All ages,Stroke,2014,4924.457581
Deaths,Paraguay,All ages,Stroke,2014,2883.904085
Deaths,Zambia,All ages,Stroke,2013,6752.424325
Deaths,Micronesia (Federated States of),All ages,Stroke,2013,98.49788956
Deaths,Jamaica,All ages,Stroke,2014,2645.216151
Deaths,Germany,All ages,Stroke,2014,64679.95433
Deaths,Italy,All ages,Stroke,2014,60543.91055
Deaths,Trinidad and Tobago,All ages,Stroke,2013,959.5520846
Deaths,Antigua and Barbuda,All ages,Stroke,2013,56.98319226
Deaths,Malta,All ages,Stroke,2014,296.0722948
Deaths,Argentina,All ages,Stroke,2014,23610.21736
Deaths,Canada,All ages,Stroke,2013,15308.33337
Deaths,Guyana,All ages,Stroke,2012,755.4942694
Deaths,Panama,All ages,Stroke,2014,1626.928331
Deaths,Ecuador,All ages,Stroke,2013,5257.34192
Deaths,Mali,All ages,Stroke,2013,6709.485533
Deaths,Gambia,All ages,Stroke,2012,724.1374955
Deaths,Saint Lucia,All ages,Stroke,2012,121.0568353
Deaths,Brazil,All ages,Stroke,2014,117496.8919
Deaths,Cambodia,All ages,Stroke,2015,13049.36787
Deaths,Namibia,All ages,Stroke,2013,1352.884416
Deaths,Bahamas,All ages,Stroke,2013,177.6354061
Deaths,Peru,All ages,Stroke,2013,8183.989196
Deaths,Solomon Islands,All ages,Stroke,2013,689.752626
Deaths,Syrian Arab Republic,All ages,Stroke,2014,8201.527194
Deaths,Ireland,All ages,Stroke,2014,2182.569076
Deaths,Sierra Leone,All ages,Stroke,2013,3209.730542
Deaths,Zimbabwe,All ages,Stroke,2013,4935.40879
Deaths,Nigeria,All ages,Stroke,2013,58071.97549
Deaths,Trinidad and Tobago,All ages,Stroke,2015,1033.620263
Deaths,Netherlands,All ages,Stroke,2014,11070.77421
Deaths,Guinea-Bissau,All ages,Stroke,2012,795.0420451
Deaths,Barbados,All ages,Stroke,2014,281.736758
Deaths,Barbados,All ages,Stroke,2013,274.7049279
Deaths,Papua New Guinea,All ages,Stroke,2015,4706.975049
Deaths,Malaysia,All ages,Stroke,2015,16473.18921
Deaths,Estonia,All ages,Stroke,2015,1002.479046
Deaths,Luxembourg,All ages,Stroke,2014,327.0068699
Deaths,Trinidad and Tobago,All ages,Stroke,2012,914.3880413
Deaths,Spain,All ages,Stroke,2014,33270.63086
Deaths,Mauritania,All ages,Stroke,2012,1313.528279
Deaths,Tajikistan,All ages,Stroke,2014,5860.717585
Deaths,Andorra,All ages,Stroke,2015,33.94326954
Deaths,Philippines,All ages,Stroke,2015,67584.32977
Deaths,Norway,All ages,Stroke,2015,3271.581631
Deaths,Republic of Moldova,All ages,Stroke,2015,6195.264943
Deaths,Indonesia,All ages,Stroke,2015,310069.988
Deaths,Afghanistan,All ages,Stroke,2014,15515.26171
Deaths,Burkina Faso,All ages,Stroke,2013,6192.714493
Deaths,Hungary,All ages,Stroke,2012,13485.76255
Deaths,United Kingdom,All ages,Stroke,2014,47854.09433
Deaths,Senegal,All ages,Stroke,2012,5107.566236
Deaths,Bulgaria,All ages,Stroke,2015,28105.3996
Deaths,Tonga,All ages,Stroke,2015,57.45783345
Deaths,Dominica,All ages,Stroke,2015,67.10490858
Deaths,Angola,All ages,Stroke,2015,8537.789937
Deaths,Haiti,All ages,Stroke,2014,9065.500441
Deaths,Costa Rica,All ages,Stroke,2015,1270.367676
Deaths,China,All ages,Stroke,2015,2012481.077
Deaths,Burkina Faso,All ages,Stroke,2015,6664.687017
Deaths,Timor-Leste,All ages,Stroke,2015,996.7450264
Deaths,Saudi Arabia,All ages,Stroke,2015,11648.19027
Deaths,Cyprus,All ages,Stroke,2015,673.30598
Deaths,Uzbekistan,All ages,Stroke,2015,23663.82413
Deaths,Democratic Republic of the Congo,All ages,Stroke,2013,29272.40866
Deaths,Algeria,All ages,Stroke,2015,22233.07472
Deaths,Belarus,All ages,Stroke,2015,16709.68179
Deaths,Lithuania,All ages,Stroke,2015,5154.947548
Deaths,Antigua and Barbuda,All ages,Stroke,2015,60.39948398
Deaths,Belgium,All ages,Stroke,2015,8810.874365
Deaths,Guyana,All ages,Stroke,2015,783.083184
Deaths,Saint Vincent and the Grenadines,All ages,Stroke,2014,102.7624902
Deaths,Democratic Republic of the Congo,All ages,Stroke,2015,30038.34991
Deaths,Lao People's Democratic Republic,All ages,Stroke,2015,5597.482816
Deaths,Honduras,All ages,Stroke,2015,5018.533026
Deaths,Netherlands,All ages,Stroke,2015,11436.60069
Deaths,Chad,All ages,Stroke,2015,5253.74538
Deaths,Hungary,All ages,Stroke,2015,13232.40824
Deaths,Bolivia (Plurinational State of),All ages,Stroke,2015,4911.706959
Deaths,Albania,All ages,Stroke,2015,5089.999505
Deaths,Bosnia and Herzegovina,All ages,Stroke,2015,7534.588096
Deaths,Iran (Islamic Republic of),All ages,Stroke,2015,37722.12844
Deaths,Republic of Korea,All ages,Stroke,2015,29962.32068
Deaths,Malta,All ages,Stroke,2015,293.1374387
Deaths,Saint Lucia,All ages,Stroke,2015,142.4297886
Deaths,New Zealand,All ages,Stroke,2015,2553.736311
Deaths,India,All ages,Stroke,2014,607771.9294
Deaths,Maldives,All ages,Stroke,2015,129.8121552
Deaths,Chile,All ages,Stroke,2014,9508.863886
Deaths,Turkey,All ages,Stroke,2015,47185.49496
Deaths,Germany,All ages,Stroke,2015,67306.66002
Deaths,Panama,All ages,Stroke,2015,1646.826467
Deaths,Paraguay,All ages,Stroke,2015,2924.929655
Deaths,Vanuatu,All ages,Stroke,2015,260.185279
Deaths,Myanmar,All ages,Stroke,2015,75916.95804
Deaths,Brazil,All ages,Stroke,2015,119583.024
Deaths,Latvia,All ages,Stroke,2015,4796.08137
Deaths,Bahamas,All ages,Stroke,2015,191.0928111
Deaths,Kuwait,All ages,Stroke,2015,710.8095106
Deaths,Argentina,All ages,Stroke,2015,24256.63954
Deaths,Australia,All ages,Stroke,2015,11466.31256
Deaths,Belgium,All ages,Stroke,2013,8853.397615
Deaths,Republic of Korea,All ages,Stroke,2012,30363.72569
Deaths,Austria,All ages,Stroke,2015,5225.941506
Deaths,Central African Republic,All ages,Stroke,2015,2657.003473
Deaths,Portugal,All ages,Stroke,2015,14671.08503
Deaths,Democratic People's Republic of Korea,All ages,Stroke,2015,52718.67929
Deaths,Syrian Arab Republic,All ages,Stroke,2015,8164.506261
Deaths,Ukraine,All ages,Stroke,2015,94181.58455
Deaths,Ecuador,All ages,Stroke,2015,5475.171218
Deaths,Peru,All ages,Stroke,2015,7977.074098
Deaths,Sri Lanka,All ages,Stroke,2015,13337.11621
Deaths,Benin,All ages,Stroke,2015,4445.555282
Deaths,Croatia,All ages,Stroke,2015,7576.07632
Deaths,Finland,All ages,Stroke,2015,5111.698324
Deaths,Armenia,All ages,Stroke,2015,2581.291049
Deaths,Taiwan (Province of China),All ages,Stroke,2015,12809.62792
Deaths,Ireland,All ages,Stroke,2015,2226.543955
Deaths,Cuba,All ages,Stroke,2015,10218.27271
Deaths,Congo,All ages,Stroke,2015,2285.085762
Deaths,Spain,All ages,Stroke,2015,34318.04001
Deaths,Bahrain,All ages,Stroke,2015,192.2234658
Deaths,Russian Federation,All ages,Stroke,2015,330709.1212
Deaths,Rwanda,All ages,Stroke,2015,4553.052497
Deaths,Barbados,All ages,Stroke,2015,288.5762777
Deaths,Slovenia,All ages,Stroke,2012,1893.590298
Deaths,Belize,All ages,Stroke,2015,116.0124973
Deaths,Colombia,All ages,Stroke,2015,14717.22836
Deaths,Mali,All ages,Stroke,2015,7128.58562
Deaths,Sweden,All ages,Stroke,2015,8198.028725
Deaths,Brunei Darussalam,All ages,Stroke,2015,121.2286906
Deaths,Greece,All ages,Stroke,2015,17111.82217
Deaths,Gabon,All ages,Stroke,2015,805.3423689
Deaths,Luxembourg,All ages,Stroke,2015,319.0422982
Deaths,Bangladesh,All ages,Stroke,2015,136613.5477
Deaths,Nigeria,All ages,Stroke,2015,60587.19833
Deaths,Denmark,All ages,Stroke,2015,4151.875037
Deaths,Cameroon,All ages,Stroke,2015,10281.762
Deaths,France,All ages,Stroke,2015,41168.71285
Deaths,Poland,All ages,Stroke,2015,42891.09129
Deaths,Viet Nam,All ages,Stroke,2015,133279.7979
Deaths,Egypt,All ages,Stroke,2015,45297.27172
Deaths,United Republic of Tanzania,All ages,Stroke,2015,20846.96591
Deaths,Finland,All ages,Stroke,2013,5073.224387
Deaths,Guatemala,All ages,Stroke,2015,4204.533208
Deaths,Japan,All ages,Stroke,2015,129904.8339
Deaths,Djibouti,All ages,Stroke,2015,407.0630591
Deaths,Equatorial Guinea,All ages,Stroke,2015,301.2120698
Deaths,Haiti,All ages,Stroke,2012,8691.144947
Deaths,Uruguay,All ages,Stroke,2015,3378.933088
Deaths,Dominican Republic,All ages,Stroke,2015,8054.283961
Deaths,Georgia,All ages,Stroke,2012,10979.08333
Deaths,Grenada,All ages,Stroke,2015,83.8982897
Deaths,Kazakhstan,All ages,Stroke,2015,22926.28042
Deaths,Slovenia,All ages,Stroke,2015,1868.493268
Deaths,Iceland,All ages,Stroke,2015,139.9656512
Deaths,Iraq,All ages,Stroke,2015,22728.26747
Deaths,Greece,All ages,Stroke,2013,16627.02652
Deaths,Democratic People's Republic of Korea,All ages,Stroke,2012,50828.20559
Deaths,Thailand,All ages,Stroke,2015,43757.53882
Deaths,Nicaragua,All ages,Stroke,2012,1728.391832
Deaths,Uganda,All ages,Stroke,2015,10883.47697
Deaths,El Salvador,All ages,Stroke,2015,2067.182857
Deaths,Slovakia,All ages,Stroke,2015,5684.352692
Deaths,Switzerland,All ages,Stroke,2015,4614.789889
Deaths,Comoros,All ages,Stroke,2015,422.340392
Deaths,Canada,All ages,Stroke,2015,15919.68314
Deaths,Brunei Darussalam,All ages,Stroke,2012,109.6895402
Deaths,Lebanon,All ages,Stroke,2015,1692.24226
Deaths,Jamaica,All ages,Stroke,2015,2712.985521
Deaths,United States of America,All ages,Stroke,2014,169288.278
Deaths,Mexico,All ages,Stroke,2015,33243.41168
Deaths,Estonia,All ages,Stroke,2012,1151.610587
Deaths,Kiribati,All ages,Stroke,2015,137.5900061
Deaths,Israel,All ages,Stroke,2015,3013.780339
Deaths,Antigua and Barbuda,All ages,Stroke,2014,59.32596697
Deaths,Singapore,All ages,Stroke,2015,1384.22626
Deaths,Palestine,All ages,Stroke,2015,1889.249714
Deaths,Ghana,All ages,Stroke,2015,15910.96157
Deaths,Libya,All ages,Stroke,2015,2568.005313
Deaths,Kenya,All ages,Stroke,2015,15988.58839
Deaths,Oman,All ages,Stroke,2015,1122.282042
Deaths,North Macedonia,All ages,Stroke,2015,6761.939175
Deaths,Venezuela (Bolivarian Republic of),All ages,Stroke,2015,12214.18129
Deaths,Republic of Moldova,All ages,Stroke,2012,5973.833548
Deaths,Burundi,All ages,Stroke,2015,4077.833781
Deaths,Liberia,All ages,Stroke,2015,1526.576238
Deaths,Tajikistan,All ages,Stroke,2015,5871.659465
Deaths,Jordan,All ages,Stroke,2015,2484.097032
Deaths,Singapore,All ages,Stroke,2012,1428.592086
Deaths,Nicaragua,All ages,Stroke,2015,1736.753854
Deaths,Botswana,All ages,Stroke,2015,1256.97419
Deaths,Malawi,All ages,Stroke,2015,5995.762202
Deaths,C么te d'Ivoire,All ages,Stroke,2015,8347.711934
Deaths,Sweden,All ages,Stroke,2014,8289.226544
Deaths,United Kingdom,All ages,Stroke,2015,47952.88083
Deaths,Haiti,All ages,Stroke,2015,9277.889865
Deaths,Eritrea,All ages,Stroke,2015,2478.208879
Deaths,Netherlands,All ages,Stroke,2013,10994.47408
Deaths,Mozambique,All ages,Stroke,2013,14868.39548
Deaths,Ukraine,All ages,Stroke,2012,89958.21733
Deaths,Madagascar,All ages,Stroke,2013,13242.97175
Deaths,Italy,All ages,Stroke,2015,63123.16771
Deaths,Ethiopia,All ages,Stroke,2015,27636.31221
Deaths,Suriname,All ages,Stroke,2015,513.2424426
Deaths,Saint Vincent and the Grenadines,All ages,Stroke,2015,104.1036107
Deaths,Madagascar,All ages,Stroke,2015,13918.70994
Deaths,Romania,All ages,Stroke,2015,51227.08139
Deaths,Niger,All ages,Stroke,2015,6192.890253
Deaths,India,All ages,Stroke,2015,622557.8005
Deaths,Chile,All ages,Stroke,2015,9602.351809
Deaths,Fiji,All ages,Stroke,2015,579.4059639
Deaths,Afghanistan,All ages,Stroke,2015,15713.87551
Deaths,Guinea,All ages,Stroke,2015,5958.905139
Deaths,Morocco,All ages,Stroke,2015,27660.76204
Deaths,United States of America,All ages,Stroke,2015,173858.2847
Deaths,Belgium,All ages,Stroke,2012,8908.208386
Deaths,South Africa,All ages,Stroke,2015,32399.90531
Deaths,China,All ages,Stroke,2012,1998228.312
Deaths,Malaysia,All ages,Stroke,2014,15845.69545
Deaths,Philippines,All ages,Stroke,2014,65246.42398
Deaths,Czechia,All ages,Stroke,2012,11535.79036
Deaths,Montenegro,All ages,Stroke,2012,1861.339465
Deaths,Timor-Leste,All ages,Stroke,2014,943.4977571
Deaths,Uruguay,All ages,Stroke,2012,3562.602635
Deaths,Japan,All ages,Stroke,2012,130058.9049
Deaths,Serbia,All ages,Stroke,2012,26171.58398
Deaths,Poland,All ages,Stroke,2012,43813.44389
Deaths,Egypt,All ages,Stroke,2013,42165.82995
Deaths,Libya,All ages,Stroke,2012,2238.728049
Deaths,Burundi,All ages,Stroke,2012,3831.338733
Deaths,Lithuania,All ages,Stroke,2012,5127.615446
Deaths,Jordan,All ages,Stroke,2013,2168.468867
Deaths,Belize,All ages,Stroke,2014,111.4869246
Deaths,Morocco,All ages,Stroke,2013,27409.89674
Deaths,Eritrea,All ages,Stroke,2012,2306.50958
Deaths,Dominican Republic,All ages,Stroke,2014,7697.263952
Deaths,Qatar,All ages,Stroke,2013,150.4035395
Deaths,Tunisia,All ages,Stroke,2013,7846.640575
Deaths,Bangladesh,All ages,Stroke,2012,123725.2866
Deaths,Suriname,All ages,Stroke,2014,485.927741
Deaths,Bolivia (Plurinational State of),All ages,Stroke,2014,4813.469701
Deaths,Cyprus,All ages,Stroke,2013,647.4890474
Deaths,Bhutan,All ages,Stroke,2012,296.4261952
Deaths,Rwanda,All ages,Stroke,2012,4163.509528
Deaths,Egypt,All ages,Stroke,2014,43074.13518
Deaths,El Salvador,All ages,Stroke,2012,1711.182657
Deaths,Bangladesh,All ages,Stroke,2013,126934.2198
Deaths,Mexico,All ages,Stroke,2012,30463.96083
Deaths,Israel,All ages,Stroke,2012,2860.871445
Deaths,Guinea,All ages,Stroke,2012,5771.739747
Deaths,Germany,All ages,Stroke,2013,65074.74834
Deaths,United Republic of Tanzania,All ages,Stroke,2012,19595.87524
Deaths,Republic of Moldova,All ages,Stroke,2013,5778.692144
Deaths,Venezuela (Bolivarian Republic of),All ages,Stroke,2012,11144.12397
Deaths,Afghanistan,All ages,Stroke,2013,15377.25353
Deaths,Ireland,All ages,Stroke,2013,2180.316298
Deaths,Paraguay,All ages,Stroke,2012,2900.883198
Deaths,Republic of Korea,All ages,Stroke,2013,29883.60696
Deaths,Sao Tome and Principe,All ages,Stroke,2012,93.08448045
Deaths,Luxembourg,All ages,Stroke,2013,336.1968541
Deaths,Australia,All ages,Stroke,2013,10985.64865
Deaths,Philippines,All ages,Stroke,2012,63441.14132
Deaths,Andorra,All ages,Stroke,2013,32.57554708
Deaths,Norway,All ages,Stroke,2013,3500.665704
Deaths,Bermuda,All ages,Stroke,2012,37.89704233
Deaths,Togo,All ages,Stroke,2012,2613.367863
Deaths,American Samoa,All ages,Stroke,2012,35.64988033
Deaths,Jordan,All ages,Stroke,2012,2088.132601
Deaths,Thailand,All ages,Stroke,2012,40896.86971
Deaths,Timor-Leste,All ages,Stroke,2012,858.5835771
Deaths,Morocco,All ages,Stroke,2012,24897.05036
Deaths,Ghana,All ages,Stroke,2012,14679.78772
Deaths,Azerbaijan,All ages,Stroke,2012,11015.20798
Deaths,Liberia,All ages,Stroke,2012,1507.377516
Deaths,Qatar,All ages,Stroke,2012,144.3544977
Deaths,Papua New Guinea,All ages,Stroke,2012,4321.910432
Deaths,Ukraine,All ages,Stroke,2013,88217.60464
Deaths,Niger,All ages,Stroke,2012,5351.419184
Deaths,Greenland,All ages,Stroke,2012,38.9700236
Deaths,Lao People's Democratic Republic,All ages,Stroke,2014,5475.574947
Deaths,Solomon Islands,All ages,Stroke,2014,708.0535977
Deaths,North Macedonia,All ages,Stroke,2012,6542.827568
Deaths,Malaysia,All ages,Stroke,2013,14980.51886
Deaths,Iraq,All ages,Stroke,2012,21113.83311
Deaths,Tonga,All ages,Stroke,2013,56.49436526
Deaths,Bulgaria,All ages,Stroke,2013,27310.42583
Deaths,Armenia,All ages,Stroke,2012,2907.257244
Deaths,Gabon,All ages,Stroke,2013,787.1571578
Deaths,Tunisia,All ages,Stroke,2012,7689.824096
Deaths,Brunei Darussalam,All ages,Stroke,2013,113.7426557
Deaths,Sri Lanka,All ages,Stroke,2012,13559.22979
Deaths,Colombia,All ages,Stroke,2013,13989.4677
Deaths,Bahrain,All ages,Stroke,2014,182.778257
Deaths,Costa Rica,All ages,Stroke,2012,1108.923478
Deaths,Grenada,All ages,Stroke,2012,81.27795948
Deaths,Tonga,All ages,Stroke,2012,55.7634997
Deaths,United Republic of Tanzania,All ages,Stroke,2013,20119.46261
Deaths,Yemen,All ages,Stroke,2012,11260.36518
Deaths,Zambia,All ages,Stroke,2012,6393.833392
Deaths,Singapore,All ages,Stroke,2013,1422.413924
Deaths,Comoros,All ages,Stroke,2013,390.8441265
Deaths,Bosnia and Herzegovina,All ages,Stroke,2014,7254.11733
Deaths,Cameroon,All ages,Stroke,2012,9659.497444
Deaths,Djibouti,All ages,Stroke,2012,365.8439361
Deaths,Kazakhstan,All ages,Stroke,2012,23181.33237
Deaths,Hungary,All ages,Stroke,2013,13062.63963
Deaths,Lebanon,All ages,Stroke,2012,1613.291932
Deaths,Lesotho,All ages,Stroke,2012,1797.829883
Deaths,Myanmar,All ages,Stroke,2014,74615.87491
Deaths,Viet Nam,All ages,Stroke,2012,130911.2036
Deaths,Philippines,All ages,Stroke,2013,64083.92029
Deaths,Jamaica,All ages,Stroke,2012,2274.929839
Deaths,Romania,All ages,Stroke,2012,52267.6537
Deaths,Ethiopia,All ages,Stroke,2013,26421.19424
Deaths,Tunisia,All ages,Stroke,2014,7988.381975
Deaths,China,All ages,Stroke,2013,1997483.463
Deaths,Honduras,All ages,Stroke,2012,4715.043986
Deaths,France,All ages,Stroke,2012,40829.8063
Deaths,Argentina,All ages,Stroke,2012,23189.15281
Deaths,Malawi,All ages,Stroke,2013,5771.327064
Deaths,Guatemala,All ages,Stroke,2013,3957.091587
Deaths,Finland,All ages,Stroke,2012,5035.848085
Deaths,Panama,All ages,Stroke,2012,1538.568721
Deaths,Namibia,All ages,Stroke,2012,1335.641759
Deaths,Dominican Republic,All ages,Stroke,2012,6769.446597
Deaths,Iceland,All ages,Stroke,2012,142.4111209
Deaths,Latvia,All ages,Stroke,2014,4815.006056
Deaths,Ecuador,All ages,Stroke,2012,5005.757045
Deaths,Cameroon,All ages,Stroke,2013,9881.243307
Deaths,New Zealand,All ages,Stroke,2012,2488.879679
Deaths,Greece,All ages,Stroke,2012,16984.32649
Deaths,Algeria,All ages,Stroke,2012,20387.59906
Deaths,Kiribati,All ages,Stroke,2012,131.7063443
Deaths,Italy,All ages,Stroke,2012,61854.59977
Deaths,Japan,All ages,Stroke,2014,129315.0764
Deaths,Georgia,All ages,Stroke,2014,10225.14125
Deaths,Russian Federation,All ages,Stroke,2014,333770.3913
Deaths,Brazil,All ages,Stroke,2013,116843.553
Deaths,Libya,All ages,Stroke,2014,2451.555991
Deaths,Timor-Leste,All ages,Stroke,2013,902.7080249
Deaths,Palestine,All ages,Stroke,2012,1670.136324
Deaths,Yemen,All ages,Stroke,2014,11844.01553
Deaths,Botswana,All ages,Stroke,2012,1201.702537
Deaths,Zimbabwe,All ages,Stroke,2012,4959.247656
Deaths,Guatemala,All ages,Stroke,2012,3820.724945
Deaths,Poland,All ages,Stroke,2014,42172.11341
Deaths,Colombia,All ages,Stroke,2012,13894.92655
Deaths,South Africa,All ages,Stroke,2012,31036.15215
Deaths,Suriname,All ages,Stroke,2012,433.6956415
Deaths,Burkina Faso,All ages,Stroke,2012,5968.398158
Deaths,Tajikistan,All ages,Stroke,2013,5869.704026
Deaths,Nicaragua,All ages,Stroke,2013,1734.145258
Deaths,Albania,All ages,Stroke,2012,4508.271082
Deaths,Fiji,All ages,Stroke,2014,565.0716866
Deaths,Oman,All ages,Stroke,2014,1096.01787
Deaths,Slovakia,All ages,Stroke,2014,5471.698921
Deaths,Latvia,All ages,Stroke,2012,4786.444634
Deaths,Mongolia,All ages,Stroke,2014,3456.895741
Deaths,Netherlands,All ages,Stroke,2012,10836.87361
Deaths,Sudan,All ages,Stroke,2013,18246.63579
Deaths,Bolivia (Plurinational State of),All ages,Stroke,2012,4534.003001
Deaths,Sweden,All ages,Stroke,2012,8742.16999
Deaths,Croatia,All ages,Stroke,2012,7465.321874
Deaths,United Arab Emirates,All ages,Stroke,2012,1314.335582
Deaths,Belarus,All ages,Stroke,2014,16774.49516
Deaths,Slovenia,All ages,Stroke,2013,1862.69544
Deaths,Nepal,All ages,Stroke,2014,13109.6027
Deaths,Chad,All ages,Stroke,2012,4973.196859
Deaths,New Zealand,All ages,Stroke,2014,2526.954222
Deaths,Spain,All ages,Stroke,2012,33827.10233
Deaths,Micronesia (Federated States of),All ages,Stroke,2014,99.89514459
Deaths,Cabo Verde,All ages,Stroke,2012,237.1475859
Deaths,Russian Federation,All ages,Stroke,2012,337784.6889
Deaths,Marshall Islands,All ages,Stroke,2015,46.07793429
Deaths,Brazil,All ages,Stroke,2012,116309.8832
Deaths,Afghanistan,All ages,Stroke,2012,15304.50805
Deaths,Micronesia (Federated States of),All ages,Stroke,2012,97.35338033
Deaths,Uzbekistan,All ages,Stroke,2014,23664.87923
Deaths,Vanuatu,All ages,Stroke,2012,234.4594126
Deaths,Turkmenistan,All ages,Stroke,2015,4989.684173
Deaths,Estonia,All ages,Stroke,2013,1095.854907
Deaths,Nepal,All ages,Stroke,2012,12232.59434
Deaths,Papua New Guinea,All ages,Stroke,2013,4420.446578
Deaths,El Salvador,All ages,Stroke,2013,1846.724821
Deaths,Cook Islands,All ages,Stroke,2013,13.18065053
Deaths,Egypt,All ages,Stroke,2012,42354.84699
Deaths,India,All ages,Stroke,2012,583992.6162
Deaths,Saint Vincent and the Grenadines,All ages,Stroke,2012,97.75658149
Deaths,Iran (Islamic Republic of),All ages,Stroke,2013,35634.24336
Deaths,Cabo Verde,All ages,Stroke,2015,260.1732671
Deaths,Comoros,All ages,Stroke,2012,381.7238102
Deaths,Iraq,All ages,Stroke,2013,21667.2026
Deaths,Ethiopia,All ages,Stroke,2012,26008.25804
Deaths,Kuwait,All ages,Stroke,2013,675.8250044
Deaths,Czechia,All ages,Stroke,2014,10816.51594
Deaths,Iran (Islamic Republic of),All ages,Stroke,2012,34810.15572
Deaths,Tajikistan,All ages,Stroke,2012,6038.049008
Deaths,Lao People's Democratic Republic,All ages,Stroke,2013,5380.702136
Deaths,Madagascar,All ages,Stroke,2012,12941.49417
Deaths,Malawi,All ages,Stroke,2012,5706.205516
Deaths,Indonesia,All ages,Stroke,2012,285515.6106
Deaths,Bahrain,All ages,Stroke,2013,179.6456644
Deaths,Kuwait,All ages,Stroke,2012,679.0165187
Deaths,Gabon,All ages,Stroke,2012,788.9513297
Deaths,Albania,All ages,Stroke,2014,4882.955993
Deaths,Denmark,All ages,Stroke,2013,4176.937649
Deaths,Saudi Arabia,All ages,Stroke,2013,11337.07666
Deaths,Croatia,All ages,Stroke,2014,7265.742271
Deaths,Uganda,All ages,Stroke,2012,9964.791196
Deaths,Costa Rica,All ages,Stroke,2013,1166.02368
Deaths,Uruguay,All ages,Stroke,2014,3355.192455
Deaths,United Arab Emirates,All ages,Stroke,2013,1412.415151
Deaths,Turkey,All ages,Stroke,2013,47057.75487
Deaths,North Macedonia,All ages,Stroke,2014,6573.590922
Deaths,Saudi Arabia,All ages,Stroke,2012,11229.2546
Deaths,Romania,All ages,Stroke,2014,51516.01483
Deaths,Dominica,All ages,Stroke,2014,67.14904941
Deaths,Israel,All ages,Stroke,2013,2888.966677
Deaths,Honduras,All ages,Stroke,2013,4828.330809
Deaths,Bhutan,All ages,Stroke,2013,301.7669209
Deaths,Turkey,All ages,Stroke,2012,46139.59029
Deaths,Malta,All ages,Stroke,2013,294.6292636
Deaths,Libya,All ages,Stroke,2013,2327.486647
Deaths,Panama,All ages,Stroke,2013,1589.890643
Deaths,Pakistan,All ages,Stroke,2013,94663.92453
Deaths,United Kingdom,All ages,Stroke,2012,48760.12254
Deaths,Portugal,All ages,Stroke,2013,14873.06565
Deaths,Oman,All ages,Stroke,2013,1094.632531
Deaths,Russian Federation,All ages,Stroke,2013,330137.3452
Deaths,Central African Republic,All ages,Stroke,2013,2554.756834
Deaths,Syrian Arab Republic,All ages,Stroke,2013,8094.67753
Deaths,Chile,All ages,Stroke,2012,9441.753306
Deaths,Algeria,All ages,Stroke,2013,20878.70068
Deaths,China,All ages,Stroke,2017,2089541.174
Deaths,Croatia,All ages,Stroke,2013,7214.749016
Deaths,C么te d'Ivoire,All ages,Stroke,2013,8039.718454
Deaths,Indonesia,All ages,Stroke,2014,301963.6563
Deaths,Sudan,All ages,Stroke,2012,18161.49079
Deaths,Tajikistan,All ages,Stroke,2017,6001.767749
Deaths,Germany,All ages,Stroke,2012,63971.41518
Deaths,Lithuania,All ages,Stroke,2014,5053.105035
Deaths,Samoa,All ages,Stroke,2014,172.3539043
Deaths,United States of America,All ages,Stroke,2012,163495.8727
Deaths,New Zealand,All ages,Stroke,2013,2446.417551
Deaths,Cambodia,All ages,Stroke,2017,13841.47932
Deaths,Republic of Korea,All ages,Stroke,2017,32597.25155
Deaths,Papua New Guinea,All ages,Stroke,2017,4988.993517
Deaths,Austria,All ages,Stroke,2013,5152.107155
Deaths,North Macedonia,All ages,Stroke,2013,6422.568985
Deaths,Ireland,All ages,Stroke,2012,2157.337205
Deaths,Antigua and Barbuda,All ages,Stroke,2012,55.56297492
Deaths,Guinea,All ages,Stroke,2013,5823.932811
Deaths,Ireland,All ages,Stroke,2017,2264.26966
Deaths,Ukraine,All ages,Stroke,2014,82645.60834
Deaths,Romania,All ages,Stroke,2013,50305.12487
Deaths,Australia,All ages,Stroke,2017,11879.22867
Deaths,Slovenia,All ages,Stroke,2017,1952.434577
Deaths,Bulgaria,All ages,Stroke,2017,27937.73481
Deaths,Malaysia,All ages,Stroke,2017,18174.583
Deaths,Tonga,All ages,Stroke,2017,57.79200732
Deaths,Andorra,All ages,Stroke,2017,35.45498725
Deaths,Estonia,All ages,Stroke,2017,1113.373632
Deaths,Belize,All ages,Stroke,2012,101.7112745
Deaths,Luxembourg,All ages,Stroke,2017,325.6124145
Deaths,Hungary,All ages,Stroke,2017,12861.78731
Deaths,Mozambique,All ages,Stroke,2015,15309.19738
Deaths,Azerbaijan,All ages,Stroke,2013,11023.72655
Deaths,Philippines,All ages,Stroke,2017,70203.27334
Deaths,Cyprus,All ages,Stroke,2017,684.9908094
Deaths,Republic of Moldova,All ages,Stroke,2017,5771.820543
Deaths,Yemen,All ages,Stroke,2013,11581.64884
Deaths,Norway,All ages,Stroke,2017,3182.982156
Deaths,Saint Lucia,All ages,Stroke,2017,164.6681467
Deaths,Timor-Leste,All ages,Stroke,2017,1072.218527
Deaths,Sao Tome and Principe,All ages,Stroke,2013,95.19504776
Deaths,Latvia,All ages,Stroke,2013,4914.399195
Deaths,Panama,All ages,Stroke,2017,1741.974004
Deaths,Trinidad and Tobago,All ages,Stroke,2017,1125.361736
Deaths,Togo,All ages,Stroke,2013,2662.458803
Deaths,Germany,All ages,Stroke,2017,68666.9083
Deaths,Luxembourg,All ages,Stroke,2012,342.9668664
Deaths,Brunei Darussalam,All ages,Stroke,2014,117.1969051
Deaths,Czechia,All ages,Stroke,2013,11229.38348
Deaths,Argentina,All ages,Stroke,2017,26048.72932
Deaths,Thailand,All ages,Stroke,2014,42363.37701
Deaths,Norway,All ages,Stroke,2012,3606.417008
Deaths,Singapore,All ages,Stroke,2014,1412.833436
Deaths,Azerbaijan,All ages,Stroke,2014,11117.41795
Deaths,Algeria,All ages,Stroke,2017,23323.55987
Deaths,Dominica,All ages,Stroke,2017,66.71682791
Deaths,Costa Rica,All ages,Stroke,2017,1402.502532
Deaths,Nepal,All ages,Stroke,2013,12733.42506
Deaths,Pakistan,All ages,Stroke,2012,92728.44839
Deaths,Namibia,All ages,Stroke,2017,1463.406466
Deaths,Kyrgyzstan,All ages,Stroke,2014,4532.318308
Deaths,Angola,All ages,Stroke,2017,9115.995639
Deaths,Saudi Arabia,All ages,Stroke,2017,12042.48869
Deaths,Iran (Islamic Republic of),All ages,Stroke,2017,39460.91139
Deaths,Guyana,All ages,Stroke,2017,810.7032891
Deaths,Marshall Islands,All ages,Stroke,2014,45.14310962
Deaths,Montenegro,All ages,Stroke,2013,1890.573695
Deaths,Turkmenistan,All ages,Stroke,2014,4859.583074
Deaths,Madagascar,All ages,Stroke,2017,14768.57389
Deaths,Honduras,All ages,Stroke,2017,5244.24643
Deaths,Congo,All ages,Stroke,2013,2180.377012
Deaths,Rwanda,All ages,Stroke,2014,4401.040117
Deaths,Serbia,All ages,Stroke,2013,25966.09446
Deaths,Democratic Republic of the Congo,All ages,Stroke,2017,31140.53548
Deaths,Mali,All ages,Stroke,2017,7583.013582
Deaths,Zimbabwe,All ages,Stroke,2017,5135.727327
Deaths,Cook Islands,All ages,Stroke,2017,14.21167045
Deaths,Mozambique,All ages,Stroke,2017,15604.3773
Deaths,Turkey,All ages,Stroke,2017,48776.3376
Deaths,Kuwait,All ages,Stroke,2017,815.6625856
Deaths,Burkina Faso,All ages,Stroke,2017,7091.929511
Deaths,Nigeria,All ages,Stroke,2017,61762.99885
Deaths,Central African Republic,All ages,Stroke,2014,2594.724759
Deaths,Somalia,All ages,Stroke,2017,7386.118937
Deaths,Lithuania,All ages,Stroke,2013,5211.694601
Deaths,Chad,All ages,Stroke,2017,5466.954897
Deaths,Sierra Leone,All ages,Stroke,2017,3448.752643
Deaths,Zambia,All ages,Stroke,2017,8292.630251
Deaths,Nauru,All ages,Stroke,2017,7.331702201
Deaths,Equatorial Guinea,All ages,Stroke,2014,287.8755099
Deaths,Bangladesh,All ages,Stroke,2017,151002.0576
Deaths,Burundi,All ages,Stroke,2014,3977.545547
Deaths,Fiji,All ages,Stroke,2017,605.2370853
Deaths,Georgia,All ages,Stroke,2017,10551.8903
Deaths,Jordan,All ages,Stroke,2014,2318.46915
Deaths,Eritrea,All ages,Stroke,2014,2408.614589
Deaths,Micronesia (Federated States of),All ages,Stroke,2017,103.4745555
Deaths,Mongolia,All ages,Stroke,2017,3834.106813
Deaths,Tokelau,All ages,Stroke,2017,1.400009119
Deaths,Angola,All ages,Stroke,2013,8255.627264
Deaths,Lao People's Democratic Republic,All ages,Stroke,2017,5848.725882
Deaths,Poland,All ages,Stroke,2017,43313.60173
Deaths,Solomon Islands,All ages,Stroke,2017,747.6171931
Deaths,Bermuda,All ages,Stroke,2013,39.07673029
Deaths,Mali,All ages,Stroke,2012,6568.482805
Deaths,Cook Islands,All ages,Stroke,2012,12.78106791
Deaths,Djibouti,All ages,Stroke,2013,380.7725873
Deaths,Australia,All ages,Stroke,2012,11081.55617
Deaths,United Arab Emirates,All ages,Stroke,2015,1595.291305
Deaths,Palau,All ages,Stroke,2013,17.96861156
Deaths,Japan,All ages,Stroke,2017,134053.2641
Deaths,Uzbekistan,All ages,Stroke,2017,24361.38994
Deaths,Iceland,All ages,Stroke,2017,140.3079517
Deaths,Slovakia,All ages,Stroke,2017,5687.872517
Deaths,Myanmar,All ages,Stroke,2017,79396.24375
Deaths,Bosnia and Herzegovina,All ages,Stroke,2017,7443.731625
Deaths,Italy,All ages,Stroke,2017,63637.65191
Deaths,Vanuatu,All ages,Stroke,2013,243.1689656
Deaths,Saint Kitts and Nevis,All ages,Stroke,2012,56.25556603
Deaths,Bulgaria,All ages,Stroke,2014,28213.01218
Deaths,San Marino,All ages,Stroke,2013,26.0723718
Deaths,Estonia,All ages,Stroke,2014,1051.317667
Deaths,Equatorial Guinea,All ages,Stroke,2013,282.1771199
Deaths,Belarus,All ages,Stroke,2017,17086.65653
Deaths,Japan,All ages,Stroke,2013,129881.9281
Deaths,Uruguay,All ages,Stroke,2017,3444.023217
Deaths,Jamaica,All ages,Stroke,2017,2747.315705
Deaths,Republic of Moldova,All ages,Stroke,2014,5995.012837
Deaths,Armenia,All ages,Stroke,2013,2695.464748
Deaths,Burundi,All ages,Stroke,2013,3902.546625
Deaths,United States Virgin Islands,All ages,Stroke,2013,84.43961278
Deaths,South Sudan,All ages,Stroke,2012,2686.355068
Deaths,Kazakhstan,All ages,Stroke,2013,22993.78234
Deaths,Eritrea,All ages,Stroke,2013,2361.245813
Deaths,Uganda,All ages,Stroke,2013,10356.98655
Deaths,Gambia,All ages,Stroke,2013,755.0947379
Deaths,Bahamas,All ages,Stroke,2017,204.1622395
Deaths,Mongolia,All ages,Stroke,2012,3520.188044
Deaths,Morocco,All ages,Stroke,2017,28310.71236
Deaths,France,All ages,Stroke,2017,42464.18655
Deaths,Brazil,All ages,Stroke,2017,123686.5544
Deaths,Sweden,All ages,Stroke,2017,8221.391071
Deaths,Republic of Korea,All ages,Stroke,2014,29594.95736
Deaths,Cuba,All ages,Stroke,2017,10867.61433
Deaths,Australia,All ages,Stroke,2014,11190.06168
Deaths,Ecuador,All ages,Stroke,2017,5906.709396
Deaths,Botswana,All ages,Stroke,2013,1218.925986
Deaths,Guinea-Bissau,All ages,Stroke,2013,807.3225011
Deaths,Qatar,All ages,Stroke,2017,166.707863
Deaths,Albania,All ages,Stroke,2013,4672.071232
Deaths,Egypt,All ages,Stroke,2017,44970.7732
Deaths,Nepal,All ages,Stroke,2017,14370.13483
Deaths,Eswatini,All ages,Stroke,2017,577.0812629
Deaths,Rwanda,All ages,Stroke,2013,4263.822942
Deaths,Grenada,All ages,Stroke,2017,88.9567513
Deaths,Niger,All ages,Stroke,2017,6763.924531
Deaths,Tunisia,All ages,Stroke,2017,8465.74328
Deaths,Colombia,All ages,Stroke,2017,15720.86605
Deaths,Benin,All ages,Stroke,2017,4639.638779
Deaths,Kenya,All ages,Stroke,2017,16796.45157
Deaths,Jordan,All ages,Stroke,2017,2889.264807
Deaths,Guam,All ages,Stroke,2017,86.68610687
Deaths,South Africa,All ages,Stroke,2013,30912.24526
Deaths,Yemen,All ages,Stroke,2017,13323.11778
Deaths,Mauritania,All ages,Stroke,2013,1339.804344
Deaths,Congo,All ages,Stroke,2017,2393.145905
Deaths,American Samoa,All ages,Stroke,2013,36.59731702
Deaths,Guatemala,All ages,Stroke,2017,4423.264072
Deaths,Mauritius,All ages,Stroke,2017,961.7648986
Deaths,Ghana,All ages,Stroke,2017,16670.18771
Deaths,Palau,All ages,Stroke,2017,19.65955764
Deaths,Senegal,All ages,Stroke,2013,5253.130065
Deaths,Cabo Verde,All ages,Stroke,2013,240.9655328
Deaths,Micronesia (Federated States of),All ages,Stroke,2015,100.8542241
Deaths,Puerto Rico,All ages,Stroke,2013,1738.103521
Deaths,Maldives,All ages,Stroke,2013,120.847994
Deaths,Mauritius,All ages,Stroke,2015,878.7366553
Deaths,Qatar,All ages,Stroke,2015,160.6017726
Deaths,Algeria,All ages,Stroke,2014,21552.71329
Deaths,Djibouti,All ages,Stroke,2017,441.7444945
Deaths,Turkey,All ages,Stroke,2014,47537.89414
Deaths,Seychelles,All ages,Stroke,2017,66.06563282
Deaths,Bermuda,All ages,Stroke,2017,43.13128794
Deaths,Liberia,All ages,Stroke,2017,1540.508079
Deaths,San Marino,All ages,Stroke,2017,28.11643798
Deaths,United States Virgin Islands,All ages,Stroke,2017,92.21781387
Deaths,Iran (Islamic Republic of),All ages,Stroke,2014,36478.07948
Deaths,Tuvalu,All ages,Stroke,2013,13.56991191
Deaths,Viet Nam,All ages,Stroke,2013,132069.8342
Deaths,Sri Lanka,All ages,Stroke,2013,12851.14405
Deaths,Kiribati,All ages,Stroke,2013,133.8663522
Deaths,Bangladesh,All ages,Stroke,2014,134135.1531
Deaths,Kuwait,All ages,Stroke,2014,678.7177945
Deaths,Romania,All ages,Stroke,2017,51326.78609
Deaths,Ghana,All ages,Stroke,2013,15011.24012
Deaths,Lesotho,All ages,Stroke,2017,1755.657726
Deaths,Kazakhstan,All ages,Stroke,2017,23845.10221
Deaths,Viet Nam,All ages,Stroke,2017,134569.8705
Deaths,Kiribati,All ages,Stroke,2017,141.8957959
Deaths,Saint Kitts and Nevis,All ages,Stroke,2013,56.75729726
Deaths,C么te d'Ivoire,All ages,Stroke,2012,7770.96821
Deaths,Canada,All ages,Stroke,2012,15191.95288
Deaths,Niue,All ages,Stroke,2012,2.471846216
Deaths,Democratic People's Republic of Korea,All ages,Stroke,2017,54124.45718
Deaths,Latvia,All ages,Stroke,2017,4791.804447
Deaths,Slovakia,All ages,Stroke,2012,5663.38587
Deaths,Bahrain,All ages,Stroke,2012,178.746104
Deaths,Democratic People's Republic of Korea,All ages,Stroke,2013,51478.38342
Deaths,Angola,All ages,Stroke,2014,8282.109907
Deaths,Israel,All ages,Stroke,2017,3134.662787
Deaths,Saudi Arabia,All ages,Stroke,2014,11462.70745
Deaths,Maldives,All ages,Stroke,2017,142.1200279
Deaths,Angola,All ages,Stroke,2012,8087.778666
Deaths,Albania,All ages,Stroke,2017,5352.326964
Deaths,Croatia,All ages,Stroke,2017,7323.357608
Deaths,Taiwan (Province of China),All ages,Stroke,2017,14090.32012
Deaths,New Zealand,All ages,Stroke,2017,2616.472466
Deaths,Sri Lanka,All ages,Stroke,2017,13932.09744
Deaths,Marshall Islands,All ages,Stroke,2017,48.156687
Deaths,Mexico,All ages,Stroke,2017,35359.70616
Deaths,Canada,All ages,Stroke,2017,16846.56493
Deaths,Indonesia,All ages,Stroke,2017,320752.8175
Deaths,Malta,All ages,Stroke,2017,312.0412409
Deaths,Vanuatu,All ages,Stroke,2017,276.6303308
Deaths,Russian Federation,All ages,Stroke,2017,317506.7891
Deaths,South Sudan,All ages,Stroke,2013,2717.351475
Deaths,Austria,All ages,Stroke,2017,5131.039412
Deaths,North Macedonia,All ages,Stroke,2017,6845.1667
Deaths,Kyrgyzstan,All ages,Stroke,2017,4413.006923
Deaths,Saint Vincent and the Grenadines,All ages,Stroke,2017,106.2971995
Deaths,Venezuela (Bolivarian Republic of),All ages,Stroke,2017,13605.50723
Deaths,Samoa,All ages,Stroke,2017,175.4664173
Deaths,Lebanon,All ages,Stroke,2017,1727.609032
Deaths,Portugal,All ages,Stroke,2017,15687.99533
Deaths,Armenia,All ages,Stroke,2017,2614.147248
Deaths,Paraguay,All ages,Stroke,2017,3184.630945
Deaths,Denmark,All ages,Stroke,2017,4369.578352
Deaths,Bhutan,All ages,Stroke,2017,324.6076323
Deaths,Barbados,All ages,Stroke,2017,301.9399583
Deaths,Palestine,All ages,Stroke,2017,1931.960461
Deaths,Switzerland,All ages,Stroke,2017,4669.172369
Deaths,Eritrea,All ages,Stroke,2017,2604.449673
Deaths,Pakistan,All ages,Stroke,2017,102111.4883
Deaths,Tuvalu,All ages,Stroke,2012,13.50202866
Deaths,Turkmenistan,All ages,Stroke,2017,5064.150188
Deaths,Peru,All ages,Stroke,2017,8359.60821
Deaths,Iraq,All ages,Stroke,2017,23773.43704
Deaths,Central African Republic,All ages,Stroke,2017,2753.746939
Deaths,Bahamas,All ages,Stroke,2012,174.9267218
Deaths,Greenland,All ages,Stroke,2017,41.10438544
Deaths,United Arab Emirates,All ages,Stroke,2017,1873.340988
Deaths,Haiti,All ages,Stroke,2017,9619.843164
Deaths,Rwanda,All ages,Stroke,2017,4886.971922
Deaths,Thailand,All ages,Stroke,2017,47584.51369
Deaths,Serbia,All ages,Stroke,2017,24993.46928
Deaths,Sao Tome and Principe,All ages,Stroke,2017,102.3962548
Deaths,Equatorial Guinea,All ages,Stroke,2017,328.137209
Deaths,Cambodia,All ages,Stroke,2013,12321.23063
Deaths,Azerbaijan,All ages,Stroke,2017,11169.09985
Deaths,United Republic of Tanzania,All ages,Stroke,2017,21820.7336
Deaths,Togo,All ages,Stroke,2017,3045.245069
Deaths,Burundi,All ages,Stroke,2017,4281.177929
Deaths,Singapore,All ages,Stroke,2017,1401.033507
Deaths,Czechia,All ages,Stroke,2017,10834.41201
Deaths,El Salvador,All ages,Stroke,2017,2107.663139
Deaths,Niue,All ages,Stroke,2017,2.415485294
Deaths,Lithuania,All ages,Stroke,2017,4896.293386
Deaths,Montenegro,All ages,Stroke,2017,1955.41248
Deaths,Puerto Rico,All ages,Stroke,2017,1760.997251
Deaths,Cameroon,All ages,Stroke,2017,10461.39477
Deaths,Greenland,All ages,Stroke,2013,38.88287404
Deaths,C么te d'Ivoire,All ages,Stroke,2017,8344.662306
Deaths,Oman,All ages,Stroke,2012,1080.291714
Deaths,Ukraine,All ages,Stroke,2017,91418.40728
Deaths,Brunei Darussalam,All ages,Stroke,2017,132.0038438
Deaths,United States of America,All ages,Stroke,2017,177919.7275
Deaths,Belgium,All ages,Stroke,2017,8921.709254
Deaths,Tuvalu,All ages,Stroke,2017,13.8076382
Deaths,San Marino,All ages,Stroke,2012,25.74923859
Deaths,Netherlands,All ages,Stroke,2017,11993.19828
Deaths,Antigua and Barbuda,All ages,Stroke,2017,62.50633334
Deaths,Finland,All ages,Stroke,2017,5312.697802
Deaths,Nicaragua,All ages,Stroke,2017,1816.689867
Deaths,Suriname,All ages,Stroke,2017,545.899166
Deaths,Guinea,All ages,Stroke,2017,5903.115405
Deaths,Austria,All ages,Stroke,2012,5175.496558
Deaths,Spain,All ages,Stroke,2017,35050.09321
Deaths,Belize,All ages,Stroke,2017,124.3055245
Deaths,United States Virgin Islands,All ages,Stroke,2012,82.73346299
Deaths,Greece,All ages,Stroke,2017,18270.06409
Deaths,Bolivia (Plurinational State of),All ages,Stroke,2017,5078.046759
Deaths,Tokelau,All ages,Stroke,2013,1.432537128
Deaths,Libya,All ages,Stroke,2017,2839.484301
Deaths,United Kingdom,All ages,Stroke,2017,47437.14027
Deaths,Dominican Republic,All ages,Stroke,2017,8142.06621
Deaths,Chile,All ages,Stroke,2017,9990.712844
Deaths,Oman,All ages,Stroke,2017,1127.928552
Deaths,Bahrain,All ages,Stroke,2017,219.2625193
Deaths,Somalia,All ages,Stroke,2014,6698.769126
Deaths,Marshall Islands,All ages,Stroke,2012,43.57484373
Deaths,Syrian Arab Republic,All ages,Stroke,2017,8674.407098
Deaths,India,All ages,Stroke,2017,656155.8511
Deaths,Kyrgyzstan,All ages,Stroke,2012,4836.616436
Deaths,United Arab Emirates,All ages,Stroke,2014,1467.87736
Deaths,Afghanistan,All ages,Stroke,2017,16317.44607
Deaths,Ethiopia,All ages,Stroke,2017,28962.86547
Deaths,South Africa,All ages,Stroke,2017,32306.37185
Deaths,Monaco,All ages,Stroke,2012,46.46478415
Deaths,Mauritania,All ages,Stroke,2017,1386.262782
Deaths,Malawi,All ages,Stroke,2017,6237.801491
Deaths,Gabon,All ages,Stroke,2017,834.2429502
Deaths,Democratic Republic of the Congo,All ages,Stroke,2014,29708.77937
Deaths,India,All ages,Stroke,2013,602513.8815
Deaths,Comoros,All ages,Stroke,2017,438.3592878
Deaths,Senegal,All ages,Stroke,2017,5866.270082
Deaths,Samoa,All ages,Stroke,2015,173.4921232
Deaths,Cabo Verde,All ages,Stroke,2017,284.8128879
Deaths,Monaco,All ages,Stroke,2017,44.42823937
Deaths,Nauru,All ages,Stroke,2013,7.986563864
Deaths,South Sudan,All ages,Stroke,2017,2842.930273
Deaths,Gambia,All ages,Stroke,2017,918.7129961
Deaths,Northern Mariana Islands,All ages,Stroke,2017,37.63003922
Deaths,Uganda,All ages,Stroke,2017,11377.72553
Deaths,Czechia,All ages,Stroke,2015,10886.9889
Deaths,Gambia,All ages,Stroke,2015,822.760791
Deaths,American Samoa,All ages,Stroke,2017,39.70556754
Deaths,Guinea-Bissau,All ages,Stroke,2017,859.9883016
Deaths,Botswana,All ages,Stroke,2017,1303.275193
Deaths,Saint Kitts and Nevis,All ages,Stroke,2017,60.05331362
Deaths,Madagascar,All ages,Stroke,2014,13559.90722
Deaths,Guam,All ages,Stroke,2012,72.56972644
Deaths,Lesotho,All ages,Stroke,2013,1820.674376
Deaths,Peru,All ages,Stroke,2012,8158.029403
Deaths,Mozambique,All ages,Stroke,2014,15115.73597
Deaths,Vanuatu,All ages,Stroke,2014,251.8522012
Deaths,Congo,All ages,Stroke,2014,2243.001333
Deaths,Iraq,All ages,Stroke,2014,22200.57153
Deaths,Maldives,All ages,Stroke,2014,125.2860006
Deaths,Kenya,All ages,Stroke,2012,15022.63547
Deaths,Guyana,All ages,Stroke,2014,776.3632438
Deaths,Mexico,All ages,Stroke,2013,32106.5412
Deaths,Lebanon,All ages,Stroke,2013,1643.342712
Deaths,Solomon Islands,All ages,Stroke,2012,674.1857768
Deaths,Montenegro,All ages,Stroke,2014,1928.214986
Deaths,Mozambique,All ages,Stroke,2012,14464.55726
Deaths,Congo,All ages,Stroke,2012,2124.329612
Deaths,Tokelau,All ages,Stroke,2012,1.463003779
Deaths,Bulgaria,All ages,Stroke,2012,27839.50403
Deaths,Eswatini,All ages,Stroke,2012,576.3235653
Deaths,Gabon,All ages,Stroke,2014,792.5293575
Deaths,Poland,All ages,Stroke,2013,43206.81363
Deaths,Seychelles,All ages,Stroke,2014,60.94202487
Deaths,Hungary,All ages,Stroke,2014,12949.04889
Deaths,France,All ages,Stroke,2013,40496.81514
Deaths,Taiwan (Province of China),All ages,Stroke,2014,12863.2143
Deaths,Seychelles,All ages,Stroke,2015,62.99518789
Deaths,Bermuda,All ages,Stroke,2014,40.03433201
Deaths,Palau,All ages,Stroke,2014,18.42085511
Deaths,Ghana,All ages,Stroke,2014,15344.28871
Deaths,Central African Republic,All ages,Stroke,2012,2496.883376
Deaths,Morocco,All ages,Stroke,2014,27520.90163
Deaths,Uganda,All ages,Stroke,2014,10676.07379
Deaths,Kenya,All ages,Stroke,2013,15290.25028
Deaths,Nigeria,All ages,Stroke,2012,56837.68012
Deaths,Andorra,All ages,Stroke,2012,31.94798927
Deaths,Nauru,All ages,Stroke,2012,8.234610658
Deaths,Georgia,All ages,Stroke,2013,10417.79799
Deaths,Guam,All ages,Stroke,2013,76.64464511
Deaths,Somalia,All ages,Stroke,2015,6929.650869
Deaths,Maldives,All ages,Stroke,2012,116.8440001
Deaths,Bhutan,All ages,Stroke,2015,313.4428136
Deaths,Democratic People's Republic of Korea,All ages,Stroke,2016,53365.23203
Deaths,Taiwan (Province of China),All ages,Stroke,2013,12364.98092
Deaths,Puerto Rico,All ages,Stroke,2012,1695.190324
Deaths,Kyrgyzstan,All ages,Stroke,2013,4626.761563
Deaths,Tunisia,All ages,Stroke,2015,8130.916057
Deaths,Solomon Islands,All ages,Stroke,2015,719.5910063
Deaths,United Republic of Tanzania,All ages,Stroke,2014,20444.96484
Deaths,China,All ages,Stroke,2014,2004869.393
Deaths,Kiribati,All ages,Stroke,2016,139.7574034
Deaths,Latvia,All ages,Stroke,2016,4765.078508
Deaths,Lao People's Democratic Republic,All ages,Stroke,2012,5296.574601
Deaths,Albania,All ages,Stroke,2016,5223.343447
Deaths,Uzbekistan,All ages,Stroke,2012,23901.71567
Deaths,Cameroon,All ages,Stroke,2014,10053.83259
Deaths,Denmark,All ages,Stroke,2012,4237.045023
Deaths,Cabo Verde,All ages,Stroke,2014,249.0090363
Deaths,American Samoa,All ages,Stroke,2014,37.43977591
Deaths,Thailand,All ages,Stroke,2013,41204.94293
Deaths,Democratic People's Republic of Korea,All ages,Stroke,2014,52087.02687
Deaths,Israel,All ages,Stroke,2016,3039.194909
Deaths,New Zealand,All ages,Stroke,2016,2577.271174
Deaths,Montenegro,All ages,Stroke,2015,1955.774722
Deaths,Guinea-Bissau,All ages,Stroke,2015,837.4892214
Deaths,Zambia,All ages,Stroke,2014,7150.81023
Deaths,Senegal,All ages,Stroke,2015,5652.401577
Deaths,Azerbaijan,All ages,Stroke,2015,11011.91995
Deaths,Syrian Arab Republic,All ages,Stroke,2012,7893.418356
Deaths,Democratic Republic of the Congo,All ages,Stroke,2012,28947.26205
Deaths,Niue,All ages,Stroke,2013,2.461141147
Deaths,Malta,All ages,Stroke,2012,294.8243628
Deaths,Monaco,All ages,Stroke,2015,45.13549016
Deaths,Liberia,All ages,Stroke,2013,1523.383855
Deaths,Papua New Guinea,All ages,Stroke,2016,4814.912141
Deaths,Barbados,All ages,Stroke,2012,267.5747474
Deaths,Equatorial Guinea,All ages,Stroke,2012,279.7582284
Deaths,Qatar,All ages,Stroke,2014,155.9032184
Deaths,Sao Tome and Principe,All ages,Stroke,2016,101.0718203
Deaths,Monaco,All ages,Stroke,2013,45.80355915
Deaths,Togo,All ages,Stroke,2014,2735.0934
Deaths,Canada,All ages,Stroke,2016,16390.24763
Deaths,Chad,All ages,Stroke,2014,5131.216835
Deaths,China,All ages,Stroke,2016,2059017.582
Deaths,Cook Islands,All ages,Stroke,2014,13.44404512
Deaths,Belarus,All ages,Stroke,2012,17298.3647
Deaths,Samoa,All ages,Stroke,2012,168.1633054
Deaths,Saint Vincent and the Grenadines,All ages,Stroke,2016,104.4705279
Deaths,Northern Mariana Islands,All ages,Stroke,2012,32.79147034
Deaths,Cuba,All ages,Stroke,2012,9308.512835
Deaths,Cambodia,All ages,Stroke,2012,11960.85192
Deaths,Cameroon,All ages,Stroke,2016,10338.47899
Deaths,Australia,All ages,Stroke,2016,11518.58696
Deaths,Turkmenistan,All ages,Stroke,2012,4475.740517
Deaths,Luxembourg,All ages,Stroke,2016,311.2869022
Deaths,Venezuela (Bolivarian Republic of),All ages,Stroke,2016,12926.27358
Deaths,Pakistan,All ages,Stroke,2016,100121.0106
Deaths,Rwanda,All ages,Stroke,2016,4717.837418
Deaths,Palestine,All ages,Stroke,2016,1919.234253
Deaths,Saint Lucia,All ages,Stroke,2014,135.5571953
Deaths,Belgium,All ages,Stroke,2016,8748.606395
Deaths,Venezuela (Bolivarian Republic of),All ages,Stroke,2013,11161.35212
Deaths,Palestine,All ages,Stroke,2013,1683.34001
Deaths,Eswatini,All ages,Stroke,2013,573.8192891
Deaths,Slovenia,All ages,Stroke,2016,1886.445374
Deaths,Taiwan (Province of China),All ages,Stroke,2016,13518.42431
Deaths,Marshall Islands,All ages,Stroke,2016,47.08425818
Deaths,Somalia,All ages,Stroke,2012,6297.174287
Deaths,Serbia,All ages,Stroke,2014,25928.65069
Deaths,Tajikistan,All ages,Stroke,2016,5885.63085
Deaths,Turkmenistan,All ages,Stroke,2016,5026.346988
Deaths,Palau,All ages,Stroke,2012,17.62275619
Deaths,Netherlands,All ages,Stroke,2016,11746.6957
Deaths,Bhutan,All ages,Stroke,2014,307.2057831
Deaths,Fiji,All ages,Stroke,2016,591.662246
Deaths,Slovakia,All ages,Stroke,2016,5578.767131
Deaths,Armenia,All ages,Stroke,2014,2599.164497
Deaths,Lebanon,All ages,Stroke,2014,1669.926897
Deaths,Italy,All ages,Stroke,2016,62321.32871
Deaths,Serbia,All ages,Stroke,2015,25606.33865
Deaths,Niue,All ages,Stroke,2016,2.421967464
Deaths,Austria,All ages,Stroke,2016,5171.56298
Deaths,Malta,All ages,Stroke,2016,304.933739
Deaths,Sudan,All ages,Stroke,2017,18979.63076
Deaths,Mauritania,All ages,Stroke,2015,1351.070138
Deaths,Comoros,All ages,Stroke,2014,413.8569008
Deaths,Sri Lanka,All ages,Stroke,2014,13340.44639
Deaths,Niue,All ages,Stroke,2014,2.452461632
Deaths,Palau,All ages,Stroke,2015,18.85271359
Deaths,Lithuania,All ages,Stroke,2016,5118.160493
Deaths,Lao People's Democratic Republic,All ages,Stroke,2016,5712.163523
Deaths,Mongolia,All ages,Stroke,2016,3701.46732
Deaths,Iceland,All ages,Stroke,2013,140.9201063
Deaths,Kyrgyzstan,All ages,Stroke,2015,4547.945059
Deaths,France,All ages,Stroke,2016,41219.59645
Deaths,Botswana,All ages,Stroke,2014,1237.358456
Deaths,Sao Tome and Principe,All ages,Stroke,2015,99.87027936
Deaths,Niue,All ages,Stroke,2015,2.434365261
Deaths,Mauritius,All ages,Stroke,2012,814.2731591
Deaths,Slovenia,All ages,Stroke,2014,1779.101239
Deaths,Lesotho,All ages,Stroke,2015,1820.400196
Deaths,Benin,All ages,Stroke,2012,4102.949498
Deaths,Portugal,All ages,Stroke,2012,15199.32675
Deaths,Sierra Leone,All ages,Stroke,2015,3320.709965
Deaths,Nauru,All ages,Stroke,2015,7.539573024
Deaths,Taiwan (Province of China),All ages,Stroke,2019,14922.78039
Deaths,Indonesia,All ages,Stroke,2019,331349.214
Deaths,Thailand,All ages,Stroke,2019,51025.0277
Deaths,Cyprus,All ages,Stroke,2012,648.8678439
Deaths,Sierra Leone,All ages,Stroke,2012,3176.219908
Deaths,Mauritius,All ages,Stroke,2013,818.2202222
Deaths,Northern Mariana Islands,All ages,Stroke,2014,33.99518768
Deaths,Azerbaijan,All ages,Stroke,2019,10723.10592
Deaths,Marshall Islands,All ages,Stroke,2019,50.34538157
Deaths,Kyrgyzstan,All ages,Stroke,2019,4589.917844
Deaths,Samoa,All ages,Stroke,2019,177.2222291
Deaths,Turkmenistan,All ages,Stroke,2019,5263.372936
Deaths,Pakistan,All ages,Stroke,2015,98316.39817
Deaths,Togo,All ages,Stroke,2016,2936.95629
Deaths,Georgia,All ages,Stroke,2015,10265.2238
Deaths,Yemen,All ages,Stroke,2015,12306.8924
Deaths,Bermuda,All ages,Stroke,2015,40.85803182
Deaths,Zambia,All ages,Stroke,2015,7600.9061
Deaths,Uruguay,All ages,Stroke,2018,3476.769115
Deaths,Poland,All ages,Stroke,2018,44393.99408
Deaths,Tokelau,All ages,Stroke,2014,1.409960954
Deaths,Algeria,All ages,Stroke,2016,22696.67866
Deaths,United States of America,All ages,Stroke,2016,177437.1439
Deaths,Jamaica,All ages,Stroke,2018,2790.094778
Deaths,Japan,All ages,Stroke,2018,139858.353
Deaths,Suriname,All ages,Stroke,2016,530.2943236
Deaths,Czechia,All ages,Stroke,2019,11529.74994
Deaths,Bosnia and Herzegovina,All ages,Stroke,2012,7173.401094
Deaths,Namibia,All ages,Stroke,2014,1380.192246
Deaths,Ukraine,All ages,Stroke,2019,93865.99867
Deaths,Maldives,All ages,Stroke,2016,135.6980182
Deaths,Niger,All ages,Stroke,2013,5562.802686
Deaths,Bahrain,All ages,Stroke,2016,204.4936974
Deaths,Indonesia,All ages,Stroke,2013,293874.6724
Deaths,Oman,All ages,Stroke,2016,1141.844822
Deaths,Brunei Darussalam,All ages,Stroke,2019,142.4340525
Deaths,Singapore,All ages,Stroke,2019,1580.111588
Deaths,Serbia,All ages,Stroke,2019,25767.67879
Deaths,Turkmenistan,All ages,Stroke,2013,4683.147878
Deaths,Montenegro,All ages,Stroke,2019,1882.109791
Deaths,C么te d'Ivoire,All ages,Stroke,2016,8280.954454
Deaths,Nigeria,All ages,Stroke,2016,60937.54467
Deaths,Lao People's Democratic Republic,All ages,Stroke,2018,6012.442003
Deaths,Iceland,All ages,Stroke,2018,144.5944444
Deaths,Finland,All ages,Stroke,2019,5550.957726
Deaths,Lithuania,All ages,Stroke,2019,4886.046039
Deaths,Belgium,All ages,Stroke,2019,9326.384396
Deaths,Georgia,All ages,Stroke,2018,10436.20552
Deaths,Greece,All ages,Stroke,2019,20416.2575
Deaths,United Kingdom,All ages,Stroke,2019,50633.44594
Deaths,Dominican Republic,All ages,Stroke,2019,8139.612076
Deaths,Chile,All ages,Stroke,2019,10545.6171
Deaths,Nicaragua,All ages,Stroke,2019,1939.126585
Deaths,Netherlands,All ages,Stroke,2019,12511.05041
Deaths,United States of America,All ages,Stroke,2019,189455.8624
Deaths,Spain,All ages,Stroke,2019,37092.40029
Deaths,Suriname,All ages,Stroke,2019,573.4626019
Deaths,Antigua and Barbuda,All ages,Stroke,2019,64.40209041
Deaths,San Marino,All ages,Stroke,2014,26.52997287
Deaths,Bolivia (Plurinational State of),All ages,Stroke,2019,5288.77383
Deaths,Marshall Islands,All ages,Stroke,2013,44.33578004
Deaths,Bahrain,All ages,Stroke,2019,244.9068379
Deaths,Belize,All ages,Stroke,2019,138.0130181
Deaths,Vanuatu,All ages,Stroke,2016,268.7724566
Deaths,Paraguay,All ages,Stroke,2016,3112.050525
Deaths,Central African Republic,All ages,Stroke,2016,2703.51425
Deaths,United Republic of Tanzania,All ages,Stroke,2016,21325.86312
Deaths,Libya,All ages,Stroke,2019,3086.202228
Deaths,Trinidad and Tobago,All ages,Stroke,2016,1090.18749
Deaths,Oman,All ages,Stroke,2019,1030.051283
Deaths,Zimbabwe,All ages,Stroke,2016,5088.141997
Deaths,Syrian Arab Republic,All ages,Stroke,2019,9185.671842
Deaths,Burkina Faso,All ages,Stroke,2016,6849.625572
Deaths,Democratic People's Republic of Korea,All ages,Stroke,2019,55467.53462
Deaths,Chad,All ages,Stroke,2016,5351.500985
Deaths,Armenia,All ages,Stroke,2019,2666.979432
Deaths,Cabo Verde,All ages,Stroke,2016,277.8878266
Deaths,Senegal,All ages,Stroke,2016,5821.014939
Deaths,Sri Lanka,All ages,Stroke,2019,14363.54731
Deaths,Kazakhstan,All ages,Stroke,2019,23366.74126
Deaths,Viet Nam,All ages,Stroke,2019,135999.1004
Deaths,Maldives,All ages,Stroke,2019,154.9820697
Deaths,Kiribati,All ages,Stroke,2019,146.1153196
Deaths,Mali,All ages,Stroke,2016,7379.747031
Deaths,Albania,All ages,Stroke,2019,5604.584165
Deaths,Croatia,All ages,Stroke,2019,7557.596846
Deaths,Vanuatu,All ages,Stroke,2019,293.2708503
Deaths,North Macedonia,All ages,Stroke,2019,6911.169444
Deaths,Romania,All ages,Stroke,2019,52825.60003
Deaths,Russian Federation,All ages,Stroke,2016,328904.6507
Deaths,United Arab Emirates,All ages,Stroke,2016,1728.747083
Deaths,Croatia,All ages,Stroke,2016,7121.538057
Deaths,Northern Mariana Islands,All ages,Stroke,2013,33.36269581
Deaths,Latvia,All ages,Stroke,2019,4875.533497
Deaths,Russian Federation,All ages,Stroke,2019,327884.9975
Deaths,Malaysia,All ages,Stroke,2012,15141.67729
Deaths,Ecuador,All ages,Stroke,2016,5706.491938
Deaths,Denmark,All ages,Stroke,2019,4540.083591
Deaths,Malawi,All ages,Stroke,2016,6129.210728
Deaths,Dominica,All ages,Stroke,2016,66.7269863
Deaths,Qatar,All ages,Stroke,2016,163.1476167
Deaths,Gabon,All ages,Stroke,2016,818.9100784
Deaths,New Zealand,All ages,Stroke,2019,2810.82553
Deaths,Haiti,All ages,Stroke,2019,9997.262329
Deaths,Austria,All ages,Stroke,2019,5374.381141
Deaths,Brazil,All ages,Stroke,2016,123402.278
Deaths,Israel,All ages,Stroke,2019,3349.578903
Deaths,Saint Vincent and the Grenadines,All ages,Stroke,2019,108.8436699
Deaths,Switzerland,All ages,Stroke,2019,4881.453131
Deaths,Malta,All ages,Stroke,2019,329.13362
Deaths,Canada,All ages,Stroke,2019,18478.0348
Deaths,Peru,All ages,Stroke,2019,8833.435729
Deaths,Portugal,All ages,Stroke,2019,16694.88576
Deaths,Niger,All ages,Stroke,2016,6465.651567
Deaths,Barbados,All ages,Stroke,2019,325.8443531
Deaths,El Salvador,All ages,Stroke,2019,2192.560228
Deaths,Mexico,All ages,Stroke,2019,37897.3295
Deaths,Venezuela (Bolivarian Republic of),All ages,Stroke,2019,15631.52254
Deaths,Bahamas,All ages,Stroke,2016,198.1856281
Deaths,Guam,All ages,Stroke,2014,79.61543861
Deaths,Liberia,All ages,Stroke,2014,1508.126305
Deaths,Paraguay,All ages,Stroke,2019,3326.979237
Deaths,Iraq,All ages,Stroke,2019,26255.78675
Deaths,Djibouti,All ages,Stroke,2014,389.5763781
Deaths,Eswatini,All ages,Stroke,2016,572.0490904
Deaths,Lebanon,All ages,Stroke,2019,1763.571859
Deaths,Benin,All ages,Stroke,2016,4526.1489
Deaths,Palestine,All ages,Stroke,2019,2018.930609
Deaths,Gabon,All ages,Stroke,2019,857.4591385
Deaths,Afghanistan,All ages,Stroke,2019,16816.17716
Deaths,Uganda,All ages,Stroke,2019,12053.37633
Deaths,Comoros,All ages,Stroke,2019,450.0910209
Deaths,India,All ages,Stroke,2019,699078.1019
Deaths,Pakistan,All ages,Stroke,2014,96456.58889
Deaths,Botswana,All ages,Stroke,2019,1361.199882
Deaths,Ghana,All ages,Stroke,2016,16292.73151
Deaths,United Arab Emirates,All ages,Stroke,2019,2168.444284
Deaths,Ethiopia,All ages,Stroke,2019,30704.84266
Deaths,South Africa,All ages,Stroke,2019,29770.07456
Deaths,Sudan,All ages,Stroke,2016,18728.095
Deaths,Angola,All ages,Stroke,2016,8783.212104
Deaths,Madagascar,All ages,Stroke,2016,14336.48055
Deaths,Sudan,All ages,Stroke,2014,18353.43398
Deaths,Trinidad and Tobago,All ages,Stroke,2014,998.9769268
Deaths,Liberia,All ages,Stroke,2016,1530.555469
Deaths,Paraguay,All ages,Stroke,2013,2966.311946
Deaths,Malawi,All ages,Stroke,2019,6603.817769
Deaths,Benin,All ages,Stroke,2013,4216.591306
Deaths,Congo,All ages,Stroke,2016,2332.533771
Deaths,Fiji,All ages,Stroke,2018,615.4278979
Deaths,Cabo Verde,All ages,Stroke,2019,336.5370834
Deaths,Bhutan,All ages,Stroke,2019,337.5851717
Deaths,Gambia,All ages,Stroke,2019,955.0162585
Deaths,Kenya,All ages,Stroke,2016,16364.7568
Deaths,Saudi Arabia,All ages,Stroke,2016,11816.74515
Deaths,Guinea-Bissau,All ages,Stroke,2019,874.3400869
Deaths,Pakistan,All ages,Stroke,2019,105439.8824
Deaths,Mauritania,All ages,Stroke,2019,1424.993686
Deaths,Kazakhstan,All ages,Stroke,2014,22837.33569
Deaths,Equatorial Guinea,All ages,Stroke,2019,347.8677872
Deaths,South Sudan,All ages,Stroke,2016,2808.248891
Deaths,Central African Republic,All ages,Stroke,2019,2857.508533
Deaths,Senegal,All ages,Stroke,2019,6030.106703
Deaths,Monaco,All ages,Stroke,2016,44.74803718
Deaths,Sudan,All ages,Stroke,2015,18512.00378
Deaths,South Sudan,All ages,Stroke,2019,2969.550653
Deaths,Saint Kitts and Nevis,All ages,Stroke,2019,65.85390323
Deaths,Nauru,All ages,Stroke,2016,7.406634053
Deaths,Viet Nam,All ages,Stroke,2014,133012.5361
Deaths,Burundi,All ages,Stroke,2019,4604.265516
Deaths,Palestine,All ages,Stroke,2014,1795.684124
Deaths,Eritrea,All ages,Stroke,2019,2764.854572
Deaths,Denmark,All ages,Stroke,2016,4267.873035
Deaths,Lesotho,All ages,Stroke,2014,1830.312372
Deaths,Portugal,All ages,Stroke,2016,15017.87102
Deaths,Rwanda,All ages,Stroke,2019,5338.795413
Deaths,Guatemala,All ages,Stroke,2018,4566.054991
Deaths,Jordan,All ages,Stroke,2018,3129.300264
Deaths,United Republic of Tanzania,All ages,Stroke,2019,22758.5227
Deaths,Philippines,All ages,Stroke,2019,72487.93022
Deaths,China,All ages,Stroke,2019,2189175.012
Deaths,Timor-Leste,All ages,Stroke,2019,1134.682883
Deaths,Cambodia,All ages,Stroke,2019,14738.49255
Deaths,Cameroon,All ages,Stroke,2019,10838.09574
Deaths,Tajikistan,All ages,Stroke,2019,5907.140867
Deaths,Malaysia,All ages,Stroke,2019,19928.48419
Deaths,C么te d'Ivoire,All ages,Stroke,2019,8616.669375
Deaths,Ethiopia,All ages,Stroke,2014,26997.61233
Deaths,Papua New Guinea,All ages,Stroke,2019,5354.269504
Deaths,Myanmar,All ages,Stroke,2019,82399.40747
Deaths,Seychelles,All ages,Stroke,2012,60.23380226
Deaths,Bulgaria,All ages,Stroke,2019,28660.54378
Deaths,Tonga,All ages,Stroke,2019,57.79922941
Deaths,Georgia,All ages,Stroke,2019,10321.94537
Deaths,Switzerland,All ages,Stroke,2012,4579.083909
Deaths,Hungary,All ages,Stroke,2019,13091.20718
Deaths,Fiji,All ages,Stroke,2019,625.6341259
Deaths,Lao People's Democratic Republic,All ages,Stroke,2019,6197.461896
Deaths,Mongolia,All ages,Stroke,2019,4171.511951
Deaths,Micronesia (Federated States of),All ages,Stroke,2019,106.6054689
Deaths,Uzbekistan,All ages,Stroke,2019,25021.62045
Deaths,Solomon Islands,All ages,Stroke,2019,792.3169461
Deaths,Bosnia and Herzegovina,All ages,Stroke,2019,7533.495831
Deaths,Slovenia,All ages,Stroke,2019,2050.001327
Deaths,Estonia,All ages,Stroke,2019,1193.104166
Deaths,Republic of Moldova,All ages,Stroke,2019,5623.21572
Deaths,Republic of Korea,All ages,Stroke,2019,36508.93499
Deaths,Germany,All ages,Stroke,2019,71654.17628
Deaths,Australia,All ages,Stroke,2019,12762.98398
Deaths,Ireland,All ages,Stroke,2019,2362.849914
Deaths,Andorra,All ages,Stroke,2019,36.46240215
Deaths,Italy,All ages,Stroke,2013,60836.26324
Deaths,Luxembourg,All ages,Stroke,2019,348.253206
Deaths,Cyprus,All ages,Stroke,2019,745.4473782
Deaths,South Africa,All ages,Stroke,2014,31729.99405
Deaths,Norway,All ages,Stroke,2019,3310.533798
Deaths,Argentina,All ages,Stroke,2019,26065.95873
Deaths,Dominica,All ages,Stroke,2019,67.30881537
Deaths,Guyana,All ages,Stroke,2019,837.2362722
Deaths,Guinea,All ages,Stroke,2019,5840.848916
Deaths,Greenland,All ages,Stroke,2016,40.26902428
Deaths,Saint Lucia,All ages,Stroke,2019,172.3645539
Deaths,Trinidad and Tobago,All ages,Stroke,2019,1189.236962
Deaths,Costa Rica,All ages,Stroke,2019,1469.641836
Deaths,Honduras,All ages,Stroke,2019,5507.854907
Deaths,Sao Tome and Principe,All ages,Stroke,2019,104.07015
Deaths,Lesotho,All ages,Stroke,2018,1749.620359
Deaths,Panama,All ages,Stroke,2019,1808.333387
Deaths,Togo,All ages,Stroke,2019,3200.182156
Deaths,Algeria,All ages,Stroke,2019,24811.13111
Deaths,Eswatini,All ages,Stroke,2015,569.6174331
Deaths,Nepal,All ages,Stroke,2018,14792.99082
Deaths,Slovakia,All ages,Stroke,2018,5773.294607
Deaths,Djibouti,All ages,Stroke,2018,464.5399015
Deaths,Seychelles,All ages,Stroke,2013,60.44955736
Deaths,France,All ages,Stroke,2018,43641.01114
Deaths,Guinea,All ages,Stroke,2016,5939.040398
Deaths,Greenland,All ages,Stroke,2019,42.72811076
Deaths,Niue,All ages,Stroke,2019,2.403919814
Deaths,Myanmar,All ages,Stroke,2018,81248.04861
Deaths,Puerto Rico,All ages,Stroke,2019,1901.569952
Deaths,Namibia,All ages,Stroke,2015,1408.871291
Deaths,Mongolia,All ages,Stroke,2018,3978.86711
Deaths,Tuvalu,All ages,Stroke,2019,13.94220805
Deaths,Iraq,All ages,Stroke,2016,23202.52733
Deaths,Italy,All ages,Stroke,2018,65808.51031
Deaths,Liberia,All ages,Stroke,2018,1572.212693
Deaths,Equatorial Guinea,All ages,Stroke,2016,316.5508524
Deaths,Northern Mariana Islands,All ages,Stroke,2015,35.11059029
Deaths,Mongolia,All ages,Stroke,2015,3512.952297
Deaths,Nepal,All ages,Stroke,2015,13576.62652
Deaths,Guam,All ages,Stroke,2016,83.93491194
Deaths,Japan,All ages,Stroke,2019,144661.7295
Deaths,Poland,All ages,Stroke,2019,45104.5162
Deaths,Azerbaijan,All ages,Stroke,2018,10787.04621
Deaths,Cambodia,All ages,Stroke,2014,12674.15151
Deaths,Slovakia,All ages,Stroke,2013,5539.349447
Deaths,Mongolia,All ages,Stroke,2013,3492.458494
Deaths,France,All ages,Stroke,2019,44812.53202
Deaths,Bolivia (Plurinational State of),All ages,Stroke,2016,4976.458858
Deaths,Slovakia,All ages,Stroke,2019,5880.941854
Deaths,Guatemala,All ages,Stroke,2019,4748.55879
Deaths,Zimbabwe,All ages,Stroke,2014,4980.586378
Deaths,Iceland,All ages,Stroke,2019,148.4372908
Deaths,Belarus,All ages,Stroke,2019,16906.25948
Deaths,Uruguay,All ages,Stroke,2019,3522.875871
Deaths,Grenada,All ages,Stroke,2019,90.95556258
Deaths,Antigua and Barbuda,All ages,Stroke,2016,61.66874105
Deaths,Italy,All ages,Stroke,2019,67292.94229
Deaths,Bhutan,All ages,Stroke,2016,318.7922438
Deaths,Jamaica,All ages,Stroke,2019,2858.133383
Deaths,Brazil,All ages,Stroke,2019,131007.0263
Deaths,Jordan,All ages,Stroke,2019,3366.840204
Deaths,Greece,All ages,Stroke,2018,19630.51129
Deaths,Andorra,All ages,Stroke,2016,34.62221375
Deaths,Bahamas,All ages,Stroke,2019,217.9182253
Deaths,Morocco,All ages,Stroke,2019,29033.28346
Deaths,Egypt,All ages,Stroke,2019,45766.82515
Deaths,Sweden,All ages,Stroke,2019,8402.066679
Deaths,Ecuador,All ages,Stroke,2019,6091.492675
Deaths,Libya,All ages,Stroke,2016,2704.379116
Deaths,Cuba,All ages,Stroke,2019,10835.77352
Deaths,Qatar,All ages,Stroke,2019,180.7010053
Deaths,Colombia,All ages,Stroke,2019,16943.28509
Deaths,Nepal,All ages,Stroke,2019,15189.0871
Deaths,Iran (Islamic Republic of),All ages,Stroke,2016,38527.94103
Deaths,Tunisia,All ages,Stroke,2019,8712.72585
Deaths,Yemen,All ages,Stroke,2019,14374.67427
Deaths,Montenegro,All ages,Stroke,2018,1922.731655
Deaths,Congo,All ages,Stroke,2019,2542.773057
Deaths,Djibouti,All ages,Stroke,2019,485.0842752
Deaths,Lesotho,All ages,Stroke,2019,1758.039292
Deaths,Syrian Arab Republic,All ages,Stroke,2016,8369.341719
Deaths,Ghana,All ages,Stroke,2019,17201.20004
Deaths,American Samoa,All ages,Stroke,2015,38.06561298
Deaths,Eswatini,All ages,Stroke,2019,599.3733021
Deaths,Liberia,All ages,Stroke,2019,1603.979931
Deaths,Barbados,All ages,Stroke,2016,295.1277577
Deaths,Benin,All ages,Stroke,2019,4810.065692
Deaths,Kenya,All ages,Stroke,2019,17910.1764
Deaths,Mauritius,All ages,Stroke,2019,1030.526325
Deaths,Seychelles,All ages,Stroke,2019,68.62294494
Deaths,Tonga,All ages,Stroke,2016,57.65171514
Deaths,Niger,All ages,Stroke,2019,7142.666886
Deaths,Samoa,All ages,Stroke,2013,170.4922014
Deaths,Brunei Darussalam,All ages,Stroke,2018,137.5348251
Deaths,Iran (Islamic Republic of),All ages,Stroke,2019,40912.32341
Deaths,Kuwait,All ages,Stroke,2019,920.2516774
Deaths,Cambodia,All ages,Stroke,2016,13432.11225
Deaths,Finland,All ages,Stroke,2016,5181.520848
Deaths,Norway,All ages,Stroke,2016,3241.784053
Deaths,Saudi Arabia,All ages,Stroke,2019,12669.38936
Deaths,Peru,All ages,Stroke,2016,8123.34879
Deaths,American Samoa,All ages,Stroke,2019,41.06233283
Deaths,Micronesia (Federated States of),All ages,Stroke,2018,104.9959919
Deaths,Sierra Leone,All ages,Stroke,2016,3361.433553
Deaths,Turkey,All ages,Stroke,2019,48946.77323
Deaths,Samoa,All ages,Stroke,2016,174.5154432
Deaths,Switzerland,All ages,Stroke,2016,4613.627401
Deaths,Republic of Korea,All ages,Stroke,2018,34292.03153
Deaths,Indonesia,All ages,Stroke,2016,315230.4039
Deaths,Chile,All ages,Stroke,2018,10277.53719
Deaths,Gambia,All ages,Stroke,2016,866.6178084
Deaths,Suriname,All ages,Stroke,2018,561.187802
Deaths,American Samoa,All ages,Stroke,2016,38.93081842
Deaths,Tajikistan,All ages,Stroke,2018,5879.246694
Deaths,Slovenia,All ages,Stroke,2018,2002.840399
Deaths,Argentina,All ages,Stroke,2018,25786.14422
Deaths,Costa Rica,All ages,Stroke,2016,1358.650526
Deaths,Taiwan (Province of China),All ages,Stroke,2018,14428.25536
Deaths,Thailand,All ages,Stroke,2018,49384.5412
Deaths,Micronesia (Federated States of),All ages,Stroke,2016,102.0946445
Deaths,Bangladesh,All ages,Stroke,2019,158806.3196
Deaths,Puerto Rico,All ages,Stroke,2016,1683.823151
Deaths,Myanmar,All ages,Stroke,2016,77292.3235
Deaths,Bahamas,All ages,Stroke,2018,211.0478783
Deaths,Eswatini,All ages,Stroke,2018,586.2964825
Deaths,Angola,All ages,Stroke,2019,9877.738129
Deaths,Bermuda,All ages,Stroke,2018,44.27981669
Deaths,Colombia,All ages,Stroke,2016,15256.57292
Deaths,Egypt,All ages,Stroke,2016,45396.97287
Deaths,Democratic Republic of the Congo,All ages,Stroke,2019,33103.20429
Deaths,Tunisia,All ages,Stroke,2016,8293.394307
Deaths,Bermuda,All ages,Stroke,2016,41.64778317
Deaths,United States Virgin Islands,All ages,Stroke,2018,94.34780054
Deaths,Democratic People's Republic of Korea,All ages,Stroke,2018,54804.44484
Deaths,North Macedonia,All ages,Stroke,2018,6871.428721
Deaths,Estonia,All ages,Stroke,2016,1049.082343
Deaths,New Zealand,All ages,Stroke,2018,2751.642616
Deaths,Timor-Leste,All ages,Stroke,2018,1106.860985
Deaths,Czechia,All ages,Stroke,2016,10796.59454
Deaths,China,All ages,Stroke,2018,2127065.712
Deaths,Spain,All ages,Stroke,2016,34184.25878
Deaths,Comoros,All ages,Stroke,2016,429.8371374
Deaths,Uganda,All ages,Stroke,2016,11206.24764
Deaths,Germany,All ages,Stroke,2018,69824.87253
Deaths,Guyana,All ages,Stroke,2018,826.551255
Deaths,Guyana,All ages,Stroke,2016,795.6270923
Deaths,Ecuador,All ages,Stroke,2018,6050.322716
Deaths,C么te d'Ivoire,All ages,Stroke,2014,8183.546857
Deaths,Democratic Republic of the Congo,All ages,Stroke,2016,30523.07245
Deaths,Belarus,All ages,Stroke,2016,16910.659
Deaths,Mozambique,All ages,Stroke,2016,15436.0368
Deaths,Iceland,All ages,Stroke,2016,140.0313894
Deaths,Armenia,All ages,Stroke,2016,2542.011749
Deaths,Sweden,All ages,Stroke,2016,8231.147918
Deaths,Belarus,All ages,Stroke,2018,16831.16996
Deaths,Cuba,All ages,Stroke,2016,10308.69045
Deaths,Armenia,All ages,Stroke,2018,2647.553902
Deaths,Uzbekistan,All ages,Stroke,2016,23892.17608
Deaths,Sri Lanka,All ages,Stroke,2016,13627.14726
Deaths,Israel,All ages,Stroke,2018,3260.556279
Deaths,San Marino,All ages,Stroke,2019,28.79704877
Deaths,United States Virgin Islands,All ages,Stroke,2019,96.3316204
Deaths,Gambia,All ages,Stroke,2014,812.9813001
Deaths,Turkey,All ages,Stroke,2016,47851.97453
Deaths,Lebanon,All ages,Stroke,2016,1711.036248
Deaths,Uzbekistan,All ages,Stroke,2018,24809.74087
Deaths,Sweden,All ages,Stroke,2018,8390.653524
Deaths,North Macedonia,All ages,Stroke,2016,6791.428829
Deaths,Burundi,All ages,Stroke,2016,4158.115954
Deaths,Niger,All ages,Stroke,2018,6994.66741
Deaths,Northern Mariana Islands,All ages,Stroke,2016,36.80013836
Deaths,Ukraine,All ages,Stroke,2016,91101.2159
Deaths,Malawi,All ages,Stroke,2014,5864.663015
Deaths,Myanmar,All ages,Stroke,2012,72111.64991
Deaths,Kiribati,All ages,Stroke,2014,135.8428398
Deaths,Canada,All ages,Stroke,2018,17873.05475
Deaths,Bulgaria,All ages,Stroke,2016,27979.48146
Deaths,Zambia,All ages,Stroke,2019,8667.559341
Deaths,Namibia,All ages,Stroke,2019,1511.293999
Deaths,Madagascar,All ages,Stroke,2019,15710.41374
Deaths,Nauru,All ages,Stroke,2014,7.714380487
Deaths,Zimbabwe,All ages,Stroke,2019,5273.302342
Deaths,Mozambique,All ages,Stroke,2019,15978.74692
Deaths,Burkina Faso,All ages,Stroke,2019,7398.313481
Deaths,Somalia,All ages,Stroke,2019,7850.999316
Deaths,Nicaragua,All ages,Stroke,2018,1888.300872
Deaths,Chad,All ages,Stroke,2019,5711.07702
Deaths,Mali,All ages,Stroke,2014,6859.421976
Deaths,Monaco,All ages,Stroke,2014,45.5018085
Deaths,Mali,All ages,Stroke,2019,7877.969735
Deaths,Nigeria,All ages,Stroke,2019,63431.69117
Deaths,Sierra Leone,All ages,Stroke,2019,3598.382027
Deaths,Monaco,All ages,Stroke,2019,43.67689491
Deaths,Cook Islands,All ages,Stroke,2019,14.64723433
Deaths,Solomon Islands,All ages,Stroke,2018,778.5857693
Deaths,Nauru,All ages,Stroke,2019,7.313402423
Deaths,Greenland,All ages,Stroke,2014,38.8291469
Deaths,Sri Lanka,All ages,Stroke,2018,13915.26254
Deaths,United States Virgin Islands,All ages,Stroke,2014,86.40668457
Deaths,Tokelau,All ages,Stroke,2019,1.397887673
Deaths,Haiti,All ages,Stroke,2018,9817.996828
Deaths,Libya,All ages,Stroke,2018,2965.610856
Deaths,Puerto Rico,All ages,Stroke,2014,1700.876742
Deaths,Sudan,All ages,Stroke,2019,19638.31959
Deaths,Belize,All ages,Stroke,2016,119.7317761
Deaths,Niger,All ages,Stroke,2014,5776.956817
Deaths,Afghanistan,All ages,Stroke,2018,16596.731
Deaths,Comoros,All ages,Stroke,2018,442.0718129
Deaths,Nicaragua,All ages,Stroke,2016,1788.674183
Deaths,Kenya,All ages,Stroke,2014,15628.39945
Deaths,Uzbekistan,All ages,Stroke,2013,23644.27336
Deaths,Belarus,All ages,Stroke,2013,17009.06426
Deaths,Burkina Faso,All ages,Stroke,2014,6381.257252
Deaths,Honduras,All ages,Stroke,2018,5372.445489
Deaths,Togo,All ages,Stroke,2015,2844.17581
Deaths,Puerto Rico,All ages,Stroke,2015,1613.409401
Deaths,Cook Islands,All ages,Stroke,2015,13.68173546
Deaths,Benin,All ages,Stroke,2018,4705.286523
Deaths,Guam,All ages,Stroke,2018,89.0855754
Deaths,Guinea-Bissau,All ages,Stroke,2018,864.1565868
Deaths,Afghanistan,All ages,Stroke,2016,15956.70719
Deaths,Tuvalu,All ages,Stroke,2016,13.7285683
Deaths,Kuwait,All ages,Stroke,2018,866.4958347
Deaths,Eswatini,All ages,Stroke,2014,569.9812154
Deaths,Zimbabwe,All ages,Stroke,2015,5034.500327
Deaths,Palau,All ages,Stroke,2016,19.21528402
Deaths,Australia,All ages,Stroke,2018,12393.55696
Deaths,San Marino,All ages,Stroke,2015,27.13430172
Deaths,Morocco,All ages,Stroke,2018,28685.18905
Deaths,Namibia,All ages,Stroke,2018,1488.086681
Deaths,Guam,All ages,Stroke,2015,81.66061909
Deaths,Madagascar,All ages,Stroke,2018,15269.35702
Deaths,Mali,All ages,Stroke,2018,7739.428526
Deaths,Bermuda,All ages,Stroke,2019,45.26159066
Deaths,Bosnia and Herzegovina,All ages,Stroke,2018,7510.609525
Deaths,Brazil,All ages,Stroke,2018,127212.8539
Deaths,Kuwait,All ages,Stroke,2016,767.8627326
Deaths,Cook Islands,All ages,Stroke,2016,13.96153697
Deaths,Botswana,All ages,Stroke,2018,1333.012077
Deaths,Congo,All ages,Stroke,2018,2467.263706
Deaths,Kenya,All ages,Stroke,2018,17344.94118
Deaths,Guinea-Bissau,All ages,Stroke,2016,849.9423274
Deaths,Eritrea,All ages,Stroke,2016,2534.294846
Deaths,Indonesia,All ages,Stroke,2018,326090.5137
Deaths,Honduras,All ages,Stroke,2016,5123.482005
Deaths,Saint Kitts and Nevis,All ages,Stroke,2014,57.17984122
Deaths,Bhutan,All ages,Stroke,2018,330.8964453
Deaths,Marshall Islands,All ages,Stroke,2018,49.25918686
Deaths,Bulgaria,All ages,Stroke,2018,28587.4233
Deaths,Estonia,All ages,Stroke,2018,1160.423987
Deaths,Tokelau,All ages,Stroke,2015,1.394575823
Deaths,South Sudan,All ages,Stroke,2018,2908.901345
Deaths,Bangladesh,All ages,Stroke,2018,154979.9938
Deaths,Guinea,All ages,Stroke,2018,5899.134416
Deaths,Ethiopia,All ages,Stroke,2016,28266.59386
Deaths,Botswana,All ages,Stroke,2016,1272.758619
Deaths,Northern Mariana Islands,All ages,Stroke,2019,38.75798383
Deaths,Ireland,All ages,Stroke,2018,2313.758856
Deaths,Saint Lucia,All ages,Stroke,2016,159.1109054
Deaths,Somalia,All ages,Stroke,2016,7155.188632
Deaths,Guatemala,All ages,Stroke,2016,4320.854888
Deaths,Yemen,All ages,Stroke,2016,12761.01854
Deaths,American Samoa,All ages,Stroke,2018,40.41527544
Deaths,Lebanon,All ages,Stroke,2018,1744.520229
Deaths,Eritrea,All ages,Stroke,2018,2684.8484
Deaths,Cameroon,All ages,Stroke,2018,10669.36104
Deaths,Grenada,All ages,Stroke,2016,88.18683016
Deaths,Bangladesh,All ages,Stroke,2016,140638.34
Deaths,Jordan,All ages,Stroke,2016,2684.296909
Deaths,Maldives,All ages,Stroke,2018,148.5677146
Deaths,Kazakhstan,All ages,Stroke,2016,23360.73436
Deaths,Saint Kitts and Nevis,All ages,Stroke,2015,58.26769483
Deaths,El Salvador,All ages,Stroke,2016,2069.922238
Deaths,Cuba,All ages,Stroke,2018,11085.79711
Deaths,Viet Nam,All ages,Stroke,2016,133883.6128
Deaths,Colombia,All ages,Stroke,2018,16402.66854
Deaths,Saint Kitts and Nevis,All ages,Stroke,2016,58.88886611
Deaths,Mexico,All ages,Stroke,2018,36358.63337
Deaths,Ghana,All ages,Stroke,2018,16854.7038
Deaths,Cook Islands,All ages,Stroke,2018,14.44155875
Deaths,Palau,All ages,Stroke,2018,20.15660037
Deaths,Tokelau,All ages,Stroke,2018,1.398509901
Deaths,Haiti,All ages,Stroke,2016,9450.350151
Deaths,Kyrgyzstan,All ages,Stroke,2018,4466.984404
Deaths,Romania,All ages,Stroke,2016,51035.3312
Deaths,Sudan,All ages,Stroke,2018,19299.24636
Deaths,Cyprus,All ages,Stroke,2016,673.6814601
Deaths,Serbia,All ages,Stroke,2018,25590.59338
Deaths,Netherlands,All ages,Stroke,2018,12252.35689
Deaths,Malaysia,All ages,Stroke,2016,17475.18788
Deaths,Singapore,All ages,Stroke,2018,1501.489608
Deaths,Viet Nam,All ages,Stroke,2018,135276.9504
Deaths,Bosnia and Herzegovina,All ages,Stroke,2013,7188.123688
Deaths,Argentina,All ages,Stroke,2016,25508.90266
Deaths,United States of America,All ages,Stroke,2018,183505.4636
Deaths,Bolivia (Plurinational State of),All ages,Stroke,2018,5187.690257
Deaths,Greenland,All ages,Stroke,2018,41.94527475
Deaths,Dominican Republic,All ages,Stroke,2016,8180.841138
Deaths,Tuvalu,All ages,Stroke,2018,13.87953352
Deaths,Djibouti,All ages,Stroke,2016,421.0641306
Deaths,Thailand,All ages,Stroke,2016,46109.49648
Deaths,Mauritius,All ages,Stroke,2016,930.2882799
Deaths,Azerbaijan,All ages,Stroke,2016,11109.20388
Deaths,Greece,All ages,Stroke,2016,17513.44467
Deaths,India,All ages,Stroke,2016,639814.3394
Deaths,Panama,All ages,Stroke,2016,1695.147537
Deaths,Samoa,All ages,Stroke,2018,176.2732009
Deaths,Mauritius,All ages,Stroke,2014,849.4901246
Deaths,Andorra,All ages,Stroke,2018,35.98610914
Deaths,San Marino,All ages,Stroke,2018,28.47891781
Deaths,Dominica,All ages,Stroke,2018,67.0059159
Deaths,Republic of Moldova,All ages,Stroke,2016,6082.346099
Deaths,San Marino,All ages,Stroke,2016,27.66003774
Deaths,Tokelau,All ages,Stroke,2016,1.396393667
Deaths,Benin,All ages,Stroke,2014,4300.489711
Deaths,Qatar,All ages,Stroke,2018,173.1945219
Deaths,Guam,All ages,Stroke,2019,93.12164782
Deaths,United Kingdom,All ages,Stroke,2016,47405.68432
Deaths,Mauritania,All ages,Stroke,2016,1345.307736
Deaths,Hungary,All ages,Stroke,2018,13258.15815
Deaths,Egypt,All ages,Stroke,2018,45306.36991
Deaths,Republic of Moldova,All ages,Stroke,2018,5746.531381
Deaths,Solomon Islands,All ages,Stroke,2016,722.0618618
Deaths,Saint Lucia,All ages,Stroke,2018,169.2419041
Deaths,Montenegro,All ages,Stroke,2016,1951.62983
Deaths,Mauritius,All ages,Stroke,2018,1002.315246
Deaths,South Africa,All ages,Stroke,2016,32503.35355
Deaths,Uruguay,All ages,Stroke,2016,3377.110412
Deaths,Hungary,All ages,Stroke,2016,12559.02509
Deaths,Zambia,All ages,Stroke,2016,8141.932962
Deaths,Monaco,All ages,Stroke,2018,44.07143231
Deaths,Cambodia,All ages,Stroke,2018,14297.04291
Deaths,Papua New Guinea,All ages,Stroke,2018,5185.845228
Deaths,Pakistan,All ages,Stroke,2018,103757.1095
Deaths,Luxembourg,All ages,Stroke,2018,336.3669373
Deaths,Japan,All ages,Stroke,2016,132180.0558
Deaths,Brunei Darussalam,All ages,Stroke,2016,126.267933
Deaths,Grenada,All ages,Stroke,2018,89.95560645
Deaths,South Sudan,All ages,Stroke,2015,2789.756923
Deaths,Romania,All ages,Stroke,2018,52022.74278
Deaths,Kazakhstan,All ages,Stroke,2018,23597.53772
Deaths,Austria,All ages,Stroke,2018,5240.621112
Deaths,Malta,All ages,Stroke,2018,319.6148164
Deaths,Bosnia and Herzegovina,All ages,Stroke,2016,7435.71871
Deaths,Morocco,All ages,Stroke,2016,27929.11619
Deaths,Jamaica,All ages,Stroke,2016,2710.699292
Deaths,Nepal,All ages,Stroke,2016,13945.91147
Deaths,Guinea-Bissau,All ages,Stroke,2014,821.5614136
Deaths,Rwanda,All ages,Stroke,2018,5120.361825
Deaths,Nauru,All ages,Stroke,2018,7.303036588
Deaths,Mexico,All ages,Stroke,2016,33867.45207
Deaths,Bahrain,All ages,Stroke,2018,229.5639058
Deaths,Barbados,All ages,Stroke,2018,311.2001457
Deaths,Tunisia,All ages,Stroke,2018,8599.016918
Deaths,Kiribati,All ages,Stroke,2018,144.1621943
Deaths,Oman,All ages,Stroke,2018,1053.024903
Deaths,Mauritania,All ages,Stroke,2018,1402.662453
Deaths,Saint Vincent and the Grenadines,All ages,Stroke,2018,107.6152696
Deaths,Seychelles,All ages,Stroke,2018,67.24297405
Deaths,Greenland,All ages,Stroke,2015,39.14910202
Deaths,Guinea,All ages,Stroke,2014,5889.870397
Deaths,Tuvalu,All ages,Stroke,2015,13.66496844
Deaths,Niue,All ages,Stroke,2018,2.411583108
Deaths,Saudi Arabia,All ages,Stroke,2018,12321.95442
Deaths,India,All ages,Stroke,2018,680836.525
Deaths,South Africa,All ages,Stroke,2018,30278.42595
Deaths,Yemen,All ages,Stroke,2018,13882.57952
Deaths,Nigeria,All ages,Stroke,2014,58763.11432
Deaths,Cyprus,All ages,Stroke,2018,711.8766841
Deaths,Palau,All ages,Stroke,2019,20.74393629
Deaths,Panama,All ages,Stroke,2018,1764.530633
Deaths,Zimbabwe,All ages,Stroke,2018,5190.388468
Deaths,United States Virgin Islands,All ages,Stroke,2016,89.75892331
Deaths,Mozambique,All ages,Stroke,2018,15794.42734
Deaths,Ethiopia,All ages,Stroke,2018,29850.13695
Deaths,Tuvalu,All ages,Stroke,2014,13.63476856
Deaths,Central African Republic,All ages,Stroke,2018,2805.437555
Deaths,Namibia,All ages,Stroke,2016,1437.37103
Deaths,Turkmenistan,All ages,Stroke,2018,5202.309646
Deaths,Northern Mariana Islands,All ages,Stroke,2018,38.15644481
Deaths,Norway,All ages,Stroke,2018,3283.739801
Deaths,Sao Tome and Principe,All ages,Stroke,2018,103.3323303
Deaths,Nigeria,All ages,Stroke,2018,62472.22653
Deaths,South Sudan,All ages,Stroke,2014,2744.825923
Deaths,Philippines,All ages,Stroke,2016,69121.23873
Deaths,Germany,All ages,Stroke,2016,68245.65838
Deaths,Lithuania,All ages,Stroke,2018,4917.234148
Deaths,Belgium,All ages,Stroke,2018,9131.16117
Deaths,Spain,All ages,Stroke,2018,36208.27264
Deaths,Antigua and Barbuda,All ages,Stroke,2018,63.33659177
Deaths,United Republic of Tanzania,All ages,Stroke,2018,22315.62376
Deaths,C么te d'Ivoire,All ages,Stroke,2018,8556.186251
Deaths,United States Virgin Islands,All ages,Stroke,2015,88.62441723
Deaths,Palestine,All ages,Stroke,2018,1972.663887
Deaths,Angola,All ages,Stroke,2018,9485.41
Deaths,Syrian Arab Republic,All ages,Stroke,2018,8938.311057
Deaths,Senegal,All ages,Stroke,2018,5873.154782
Deaths,Republic of Korea,All ages,Stroke,2016,30631.35112
Deaths,Vanuatu,All ages,Stroke,2018,284.9992902
Deaths,Peru,All ages,Stroke,2018,8592.917146
Deaths,Venezuela (Bolivarian Republic of),All ages,Stroke,2018,14266.07667
Deaths,Puerto Rico,All ages,Stroke,2018,1849.449537
Deaths,Kyrgyzstan,All ages,Stroke,2016,4348.160543
Deaths,Trinidad and Tobago,All ages,Stroke,2018,1157.086495
Deaths,Cabo Verde,All ages,Stroke,2018,340.9296256
Deaths,Chile,All ages,Stroke,2016,9566.860774
Deaths,Georgia,All ages,Stroke,2016,10552.82757
Deaths,Serbia,All ages,Stroke,2016,24716.90014
Deaths,Saint Kitts and Nevis,All ages,Stroke,2018,61.67750137
Deaths,Albania,All ages,Stroke,2018,5480.700807
Deaths,Seychelles,All ages,Stroke,2016,64.69119803
Deaths,Latvia,All ages,Stroke,2018,4847.613814
Deaths,Burkina Faso,All ages,Stroke,2018,7293.451636
Deaths,Denmark,All ages,Stroke,2018,4451.384113
Deaths,Czechia,All ages,Stroke,2018,11372.72734
Deaths,Singapore,All ages,Stroke,2016,1382.288955
Deaths,Malaysia,All ages,Stroke,2018,18809.62792
Deaths,Poland,All ages,Stroke,2016,42483.30386
Deaths,Equatorial Guinea,All ages,Stroke,2018,339.1038702
Deaths,Tonga,All ages,Stroke,2018,57.80865923
Deaths,Portugal,All ages,Stroke,2018,16180.98962
Deaths,Sierra Leone,All ages,Stroke,2018,3542.914332
Deaths,Ukraine,All ages,Stroke,2018,93945.53114
Deaths,Mauritania,All ages,Stroke,2014,1325.193782
Deaths,El Salvador,All ages,Stroke,2018,2144.383252
Deaths,Turkey,All ages,Stroke,2018,48415.40488
Deaths,Sao Tome and Principe,All ages,Stroke,2014,98.5249963
Deaths,Burundi,All ages,Stroke,2018,4461.926007
Deaths,Algeria,All ages,Stroke,2018,24121.53621
Deaths,Switzerland,All ages,Stroke,2018,4778.612048
Deaths,Togo,All ages,Stroke,2018,3114.301755
Deaths,Timor-Leste,All ages,Stroke,2016,1033.525608
Deaths,Chad,All ages,Stroke,2018,5597.088748
Deaths,Gambia,All ages,Stroke,2018,933.4123214
Deaths,Somalia,All ages,Stroke,2018,7643.709381
Deaths,Sierra Leone,All ages,Stroke,2014,3230.852708
Deaths,United Arab Emirates,All ages,Stroke,2018,2016.733915
Deaths,Ireland,All ages,Stroke,2016,2233.510476
Deaths,Finland,All ages,Stroke,2018,5432.546331
Deaths,Belize,All ages,Stroke,2018,132.4490401
Deaths,Croatia,All ages,Stroke,2018,7423.614973
Deaths,Russian Federation,All ages,Stroke,2018,321294.4951
Deaths,Paraguay,All ages,Stroke,2018,3242.486505
Deaths,United Kingdom,All ages,Stroke,2018,49652.31156
Deaths,Costa Rica,All ages,Stroke,2018,1437.120934
Deaths,Democratic Republic of the Congo,All ages,Stroke,2018,32187.43829
Deaths,Lesotho,All ages,Stroke,2016,1783.198626
Deaths,Gabon,All ages,Stroke,2018,846.8612292
Deaths,Malawi,All ages,Stroke,2018,6414.930473
Deaths,Iraq,All ages,Stroke,2018,24916.53293
Deaths,Philippines,All ages,Stroke,2018,71168.67174
Deaths,Iran (Islamic Republic of),All ages,Stroke,2018,39941.35106
Deaths,Senegal,All ages,Stroke,2014,5483.516172
Deaths,Dominican Republic,All ages,Stroke,2018,8117.0975
Deaths,Zambia,All ages,Stroke,2018,8476.381063
Deaths,Uganda,All ages,Stroke,2018,11754.94895
